# Blender 4.4.1
# www.blender.org
mtllib land_owner_house_large.mtl
o Cube
v 4.814366 3.729186 4.026536
v 5.401214 0.000000 4.026536
v 5.401214 1.856914 4.026536
v 0.619401 0.000000 4.026536
v 6.020615 2.575454 5.368534
v 0.619401 1.856914 4.026536
v 6.020615 2.256207 5.368534
v 3.010307 0.000000 4.026536
v 0.000000 2.256207 5.368534
v 1.804059 3.729186 4.026536
v 3.629708 1.856914 4.026536
v 6.020615 4.068045 0.000000
v 6.020615 0.000000 0.000000
v 0.000000 2.575454 5.368534
v 3.010307 2.575454 5.368534
v 3.010307 4.068045 4.026536
v 0.000000 4.068045 4.026536
v 6.020615 4.068045 4.026536
v 3.060761 4.068045 4.151859
v 0.000000 4.068045 4.151859
v 6.121523 4.068045 4.151859
v 6.121523 4.068045 0.000000
v 3.060761 4.295375 3.763213
v 0.000000 4.295375 3.763213
v 5.732876 4.295375 3.763213
v 6.121523 4.295375 0.000000
v 3.060761 4.295375 4.151859
v 0.000000 4.295375 4.151859
v 6.121523 4.295375 4.151859
v 5.732876 4.295375 0.000000
v 2.149332 4.043377 0.000000
v 5.732876 4.043377 0.000000
v 0.810537 3.730373 2.976987
v 2.149333 3.730373 1.764994
v 5.732876 4.043377 3.763213
v 3.060761 4.043377 0.000000
v 3.060761 4.043377 3.763213
v 0.000000 4.043377 3.763213
v 3.010307 2.256207 5.368534
v 6.020615 0.000000 3.503060
v 2.390906 1.856914 4.026536
v 3.629708 0.000000 4.026536
v 0.000000 0.000000 4.026536
v 2.390906 0.000000 4.026536
v 3.629708 0.000000 3.723326
v 5.401214 0.000000 3.723326
v 0.619401 0.000000 3.723326
v 2.390906 0.000000 3.723326
v 4.891294 1.657537 3.723326
v 4.139628 1.657537 3.723326
v 1.880986 1.657537 3.723326
v 1.129321 1.657537 3.723326
v 2.390906 1.856914 3.723326
v 0.619401 1.856914 3.723326
v 1.129321 0.000000 3.723326
v 1.880986 0.000000 3.723326
v 5.401214 1.856914 3.723326
v 4.891294 0.000000 3.723326
v 3.629708 1.856914 3.723326
v 4.139628 0.000000 3.723326
v 4.139628 0.000000 3.767174
v 4.891294 0.000000 3.767174
v 1.129321 0.000000 3.767174
v 1.880986 0.000000 3.767174
v 1.880986 1.657537 3.767174
v 1.129321 1.657537 3.767174
v 4.891294 1.657537 3.767174
v 4.139628 1.657537 3.767174
v 6.020615 2.256207 0.000000
v 6.020615 2.575454 0.000000
v 6.020615 1.732732 3.503061
v 6.020615 2.575454 4.026536
v 3.010307 2.256207 4.026536
v 0.000000 2.256207 4.026536
v 6.020615 2.860363 0.000000
v 4.814366 3.131177 4.026536
v 1.804059 3.131177 4.026536
v 1.206248 3.729186 4.026536
v 1.206248 3.131177 4.026536
v 4.216556 3.729186 4.026536
v 4.216556 3.131177 4.026536
v 0.000000 2.860363 4.026536
v 6.020615 3.729186 3.301821
v 6.020615 3.131177 3.301821
v 3.010307 2.860363 4.026536
v 1.804059 3.729186 4.095522
v 1.206248 3.729186 4.095522
v 1.804059 3.131177 4.095522
v 1.206248 3.131177 4.095522
v 4.814366 3.729186 4.095522
v 4.216556 3.729186 4.095522
v 4.814366 3.131177 4.095522
v 4.216556 3.131177 4.095522
v 0.810537 3.109904 2.976987
v 2.149333 3.109904 1.764994
v 2.149332 2.198355 0.000000
v 0.000000 2.166269 2.647302
v 0.000000 1.698312 2.647302
v 1.758962 2.166269 0.000000
v 1.758962 1.698312 0.000000
v 1.758962 1.698312 2.647302
v 1.758962 2.166269 2.647302
v 1.338795 3.730373 2.976987
v 2.149332 3.730373 1.211993
v 1.338795 3.109904 2.976987
v 2.149332 3.109904 1.211993
v 2.149333 4.043377 2.976987
v 2.149333 2.198355 2.976987
v 0.000000 4.043377 2.976987
v 0.000000 2.198355 2.976987
v 1.338795 3.730373 2.926438
v 0.810537 3.730373 2.926438
v 0.810537 3.109904 2.926438
v 1.338795 3.109904 2.926438
v 2.084327 3.730373 1.211993
v 2.084327 3.109904 1.211993
v 2.084327 3.730373 1.764994
v 2.084327 3.109904 1.764994
v 1.779962 1.877109 2.647302
v 0.021000 1.877109 2.647302
v 1.779962 1.877109 0.000000
v 0.021000 1.877109 0.000000
v 1.779962 1.766986 0.378186
v 1.779962 1.757522 0.756372
v 1.779962 1.807229 1.134558
v 1.779962 1.740817 1.512744
v 1.779962 1.751576 1.890930
v 1.779962 1.807229 2.269116
v 0.021000 1.807229 2.269116
v 0.021000 1.751576 1.890930
v 0.021000 1.740817 1.512744
v 0.021000 1.807229 1.134558
v 0.021000 1.757522 0.756372
v 0.021000 1.766986 0.378186
v 0.900481 1.877109 0.000000
v 0.900481 1.702535 2.269116
v 0.900481 1.614101 1.890930
v 0.900481 1.740817 1.512744
v 0.900481 1.718650 1.134558
v 0.900481 1.620600 0.756372
v 0.900481 1.766986 0.378186
v 0.337944 1.877109 0.000000
v 1.463018 1.877109 0.000000
v 1.463018 1.702535 2.269116
v 0.337944 1.702535 2.269116
v 0.337944 1.751576 1.890930
v 1.463018 1.751576 1.890930
v 0.337944 1.740817 1.512744
v 1.463018 1.740817 1.512744
v 0.337944 1.807229 1.134558
v 1.463018 1.807229 1.134558
v 0.337944 1.757522 0.756372
v 1.463018 1.757522 0.756372
v 1.463018 1.766986 0.378186
v 0.337944 1.766986 0.378186
v 0.939719 1.877109 2.647302
v 6.020615 3.729186 2.737982
v 6.020615 0.000000 2.536743
v 6.020615 4.068045 2.013268
v 6.121523 4.068045 2.075930
v 6.121523 4.295375 2.075930
v 5.732876 4.295375 1.881606
v 3.060761 4.043377 1.881606
v 5.732876 4.043377 1.881606
v 6.020615 2.575454 2.013268
v 6.020615 1.732732 2.536743
v 6.020615 3.131177 2.737982
v 2.149333 4.043377 1.488494
v 2.149333 2.198355 1.488494
v 1.758962 1.698312 1.323651
v 1.758962 2.166269 1.323651
v 2.149333 3.730373 1.488493
v 2.149333 3.109904 1.488493
v 2.084327 3.730373 1.488493
v 2.084327 3.109904 1.488493
v 6.020615 3.729186 1.288554
v 6.020615 2.860363 4.026536
v 6.020615 3.131177 1.288554
v 6.020615 3.729186 0.724714
v 6.020615 3.131177 0.724714
v 6.020615 2.860363 2.013268
v 6.086594 3.729186 0.724714
v 6.086594 3.131177 0.724714
v 6.086594 3.729186 2.737982
v 6.086594 3.729186 3.301821
v 6.086594 3.131177 3.301821
v 6.086594 3.131177 2.737982
v 6.086594 3.729186 1.288554
v 6.086594 3.131177 1.288554
v 6.020615 2.256207 4.026536
v 6.020615 0.000000 4.026536
v 6.020615 2.256207 2.013268
v 6.020615 0.000000 2.013268
v 6.071453 0.000000 3.503060
v 6.071453 0.000000 2.536743
v 6.071453 1.732732 3.503061
v 6.071453 1.732732 2.536743
v -4.814366 3.729186 4.026536
v -5.401214 0.000000 4.026536
v -5.401214 1.856914 4.026536
v -0.619401 0.000000 4.026536
v -6.020615 2.575454 5.368534
v -0.619401 1.856914 4.026536
v -6.020615 2.256207 5.368534
v -3.010307 0.000000 4.026536
v -1.804059 3.729186 4.026536
v -3.629708 1.856914 4.026536
v -6.020615 4.068045 0.000000
v -6.020615 0.000000 0.000000
v -3.010307 2.575454 5.368534
v -3.010307 4.068045 4.026536
v -6.020615 4.068045 4.026536
v -3.060761 4.068045 4.151859
v -6.121523 4.068045 4.151859
v -6.121523 4.068045 0.000000
v -3.060761 4.295375 3.763213
v -5.732876 4.295375 3.763213
v -6.121523 4.295375 0.000000
v -3.060761 4.295375 4.151859
v -6.121523 4.295375 4.151859
v -5.732876 4.295375 0.000000
v -2.149332 4.043377 0.000000
v -5.732876 4.043377 0.000000
v -0.810537 3.730373 2.976987
v -2.149333 3.730373 1.764994
v -5.732876 4.043377 3.763213
v -3.060761 4.043377 0.000000
v -3.060761 4.043377 3.763213
v -3.010307 2.256207 5.368534
v -6.020615 0.000000 3.503060
v -2.390906 1.856914 4.026536
v -3.629708 0.000000 4.026536
v -2.390906 0.000000 4.026536
v -3.629708 0.000000 3.723326
v -5.401214 0.000000 3.723326
v -0.619401 0.000000 3.723326
v -2.390906 0.000000 3.723326
v -4.891294 1.657537 3.723326
v -4.139628 1.657537 3.723326
v -1.880986 1.657537 3.723326
v -1.129321 1.657537 3.723326
v -2.390906 1.856914 3.723326
v -0.619401 1.856914 3.723326
v -1.129321 0.000000 3.723326
v -1.880986 0.000000 3.723326
v -5.401214 1.856914 3.723326
v -4.891294 0.000000 3.723326
v -3.629708 1.856914 3.723326
v -4.139628 0.000000 3.723326
v -4.139628 0.000000 3.767174
v -4.891294 0.000000 3.767174
v -1.129321 0.000000 3.767174
v -1.880986 0.000000 3.767174
v -1.880986 1.657537 3.767174
v -1.129321 1.657537 3.767174
v -4.891294 1.657537 3.767174
v -4.139628 1.657537 3.767174
v -6.020615 2.256207 0.000000
v -6.020615 2.575454 0.000000
v -6.020615 1.732732 3.503061
v -6.020615 2.575454 4.026536
v -3.010307 2.256207 4.026536
v -6.020615 2.860363 0.000000
v -4.814366 3.131177 4.026536
v -1.804059 3.131177 4.026536
v -1.206248 3.729186 4.026536
v -1.206248 3.131177 4.026536
v -4.216556 3.729186 4.026536
v -4.216556 3.131177 4.026536
v -6.020615 3.729186 3.301821
v -6.020615 3.131177 3.301821
v -3.010307 2.860363 4.026536
v -1.804059 3.729186 4.095522
v -1.206248 3.729186 4.095522
v -1.804059 3.131177 4.095522
v -1.206248 3.131177 4.095522
v -4.814366 3.729186 4.095522
v -4.216556 3.729186 4.095522
v -4.814366 3.131177 4.095522
v -4.216556 3.131177 4.095522
v -0.810537 3.109904 2.976987
v -2.149333 3.109904 1.764994
v -2.149332 2.198355 0.000000
v -1.758962 2.166269 0.000000
v -1.758962 1.698312 0.000000
v -1.758962 1.698312 2.647302
v -1.758962 2.166269 2.647302
v -1.338795 3.730373 2.976987
v -2.149332 3.730373 1.211993
v -1.338795 3.109904 2.976987
v -2.149332 3.109904 1.211993
v -2.149333 4.043377 2.976987
v -2.149333 2.198355 2.976987
v -1.338795 3.730373 2.926438
v -0.810537 3.730373 2.926438
v -0.810537 3.109904 2.926438
v -1.338795 3.109904 2.926438
v -2.084327 3.730373 1.211993
v -2.084327 3.109904 1.211993
v -2.084327 3.730373 1.764994
v -2.084327 3.109904 1.764994
v -1.779962 1.877109 2.647302
v -0.021000 1.877109 2.647302
v -1.779962 1.877109 0.000000
v -0.021000 1.877109 0.000000
v -1.779962 1.766986 0.378186
v -1.779962 1.757522 0.756372
v -1.779962 1.807229 1.134558
v -1.779962 1.740817 1.512744
v -1.779962 1.751576 1.890930
v -1.779962 1.807229 2.269116
v -0.021000 1.807229 2.269116
v -0.021000 1.751576 1.890930
v -0.021000 1.740817 1.512744
v -0.021000 1.807229 1.134558
v -0.021000 1.757522 0.756372
v -0.021000 1.766986 0.378186
v -0.900481 1.877109 0.000000
v -0.900481 1.702535 2.269116
v -0.900481 1.614101 1.890930
v -0.900481 1.740817 1.512744
v -0.900481 1.718650 1.134558
v -0.900481 1.620600 0.756372
v -0.900481 1.766986 0.378186
v -0.337944 1.877109 0.000000
v -1.463018 1.877109 0.000000
v -1.463018 1.702535 2.269116
v -0.337944 1.702535 2.269116
v -0.337944 1.751576 1.890930
v -1.463018 1.751576 1.890930
v -0.337944 1.740817 1.512744
v -1.463018 1.740817 1.512744
v -0.337944 1.807229 1.134558
v -1.463018 1.807229 1.134558
v -0.337944 1.757522 0.756372
v -1.463018 1.757522 0.756372
v -1.463018 1.766986 0.378186
v -0.337944 1.766986 0.378186
v -0.939719 1.877109 2.647302
v -6.020615 3.729186 2.737982
v -6.020615 0.000000 2.536743
v -6.020615 4.068045 2.013268
v -6.121523 4.068045 2.075930
v -6.121523 4.295375 2.075930
v -5.732876 4.295375 1.881606
v -3.060761 4.043377 1.881606
v -5.732876 4.043377 1.881606
v -6.020615 2.575454 2.013268
v -6.020615 1.732732 2.536743
v -6.020615 3.131177 2.737982
v -2.149333 4.043377 1.488494
v -2.149333 2.198355 1.488494
v -1.758962 1.698312 1.323651
v -1.758962 2.166269 1.323651
v -2.149333 3.730373 1.488493
v -2.149333 3.109904 1.488493
v -2.084327 3.730373 1.488493
v -2.084327 3.109904 1.488493
v -6.020615 3.729186 1.288554
v -6.020615 2.860363 4.026536
v -6.020615 3.131177 1.288554
v -6.020615 3.729186 0.724714
v -6.020615 3.131177 0.724714
v -6.020615 2.860363 2.013268
v -6.086594 3.729186 0.724714
v -6.086594 3.131177 0.724714
v -6.086594 3.729186 2.737982
v -6.086594 3.729186 3.301821
v -6.086594 3.131177 3.301821
v -6.086594 3.131177 2.737982
v -6.086594 3.729186 1.288554
v -6.086594 3.131177 1.288554
v -6.020615 2.256207 4.026536
v -6.020615 0.000000 4.026536
v -6.020615 2.256207 2.013268
v -6.020615 0.000000 2.013268
v -6.071453 0.000000 3.503060
v -6.071453 0.000000 2.536743
v -6.071453 1.732732 3.503061
v -6.071453 1.732732 2.536743
v 4.814366 3.729186 -4.026536
v 5.401214 0.000000 -4.026536
v 5.401214 1.856914 -4.026536
v 0.619401 0.000000 -4.026536
v 6.020615 2.575454 -5.368534
v 0.619401 1.856914 -4.026536
v 6.020615 2.256207 -5.368534
v 3.010307 0.000000 -4.026536
v 0.000000 2.256207 -5.368534
v 1.804059 3.729186 -4.026536
v 3.629708 1.856914 -4.026536
v 0.000000 2.575454 -5.368534
v 3.010307 2.575454 -5.368534
v 3.010307 4.068045 -4.026536
v 0.000000 4.068045 -4.026536
v 6.020615 4.068045 -4.026536
v 3.060761 4.068045 -4.151859
v 0.000000 4.068045 -4.151859
v 6.121523 4.068045 -4.151859
v 3.060761 4.295375 -3.763213
v 0.000000 4.295375 -3.763213
v 5.732876 4.295375 -3.763213
v 3.060761 4.295375 -4.151859
v 0.000000 4.295375 -4.151859
v 6.121523 4.295375 -4.151859
v 0.810537 3.730373 -2.976987
v 2.149333 3.730373 -1.764994
v 5.732876 4.043377 -3.763213
v 3.060761 4.043377 -3.763213
v 0.000000 4.043377 -3.763213
v 3.010307 2.256207 -5.368534
v 6.020615 0.000000 -3.503060
v 2.390906 1.856914 -4.026536
v 3.629708 0.000000 -4.026536
v 0.000000 0.000000 -4.026536
v 2.390906 0.000000 -4.026536
v 3.629708 0.000000 -3.723326
v 5.401214 0.000000 -3.723326
v 0.619401 0.000000 -3.723326
v 2.390906 0.000000 -3.723326
v 4.891294 1.657537 -3.723326
v 4.139628 1.657537 -3.723326
v 1.880986 1.657537 -3.723326
v 1.129321 1.657537 -3.723326
v 2.390906 1.856914 -3.723326
v 0.619401 1.856914 -3.723326
v 1.129321 0.000000 -3.723326
v 1.880986 0.000000 -3.723326
v 5.401214 1.856914 -3.723326
v 4.891294 0.000000 -3.723326
v 3.629708 1.856914 -3.723326
v 4.139628 0.000000 -3.723326
v 4.139628 0.000000 -3.767174
v 4.891294 0.000000 -3.767174
v 1.129321 0.000000 -3.767174
v 1.880986 0.000000 -3.767174
v 1.880986 1.657537 -3.767174
v 1.129321 1.657537 -3.767174
v 4.891294 1.657537 -3.767174
v 4.139628 1.657537 -3.767174
v 6.020615 1.732732 -3.503061
v 6.020615 2.575454 -4.026536
v 3.010307 2.256207 -4.026536
v 0.000000 2.256207 -4.026536
v 4.814366 3.131177 -4.026536
v 1.804059 3.131177 -4.026536
v 1.206248 3.729186 -4.026536
v 1.206248 3.131177 -4.026536
v 4.216556 3.729186 -4.026536
v 4.216556 3.131177 -4.026536
v 0.000000 2.860363 -4.026536
v 6.020615 3.729186 -3.301821
v 6.020615 3.131177 -3.301821
v 3.010307 2.860363 -4.026536
v 1.804059 3.729186 -4.095522
v 1.206248 3.729186 -4.095522
v 1.804059 3.131177 -4.095522
v 1.206248 3.131177 -4.095522
v 4.814366 3.729186 -4.095522
v 4.216556 3.729186 -4.095522
v 4.814366 3.131177 -4.095522
v 4.216556 3.131177 -4.095522
v 0.810537 3.109904 -2.976987
v 2.149333 3.109904 -1.764994
v 0.000000 2.166269 -2.647302
v 0.000000 1.698312 -2.647302
v 1.758962 1.698312 -2.647302
v 1.758962 2.166269 -2.647302
v 1.338795 3.730373 -2.976987
v 2.149332 3.730373 -1.211993
v 1.338795 3.109904 -2.976987
v 2.149332 3.109904 -1.211993
v 2.149333 4.043377 -2.976987
v 2.149333 2.198355 -2.976987
v 0.000000 4.043377 -2.976987
v 0.000000 2.198355 -2.976987
v 1.338795 3.730373 -2.926438
v 0.810537 3.730373 -2.926438
v 0.810537 3.109904 -2.926438
v 1.338795 3.109904 -2.926438
v 2.084327 3.730373 -1.211993
v 2.084327 3.109904 -1.211993
v 2.084327 3.730373 -1.764994
v 2.084327 3.109904 -1.764994
v 1.779962 1.877109 -2.647302
v 0.021000 1.877109 -2.647302
v 1.779962 1.766986 -0.378186
v 1.779962 1.757522 -0.756372
v 1.779962 1.807229 -1.134558
v 1.779962 1.740817 -1.512744
v 1.779962 1.751576 -1.890930
v 1.779962 1.807229 -2.269116
v 0.021000 1.807229 -2.269116
v 0.021000 1.751576 -1.890930
v 0.021000 1.740817 -1.512744
v 0.021000 1.807229 -1.134558
v 0.021000 1.757522 -0.756372
v 0.021000 1.766986 -0.378186
v 0.900481 1.702535 -2.269116
v 0.900481 1.614101 -1.890930
v 0.900481 1.740817 -1.512744
v 0.900481 1.718650 -1.134558
v 0.900481 1.620600 -0.756372
v 0.900481 1.766986 -0.378186
v 1.463018 1.702535 -2.269116
v 0.337944 1.702535 -2.269116
v 0.337944 1.751576 -1.890930
v 1.463018 1.751576 -1.890930
v 0.337944 1.740817 -1.512744
v 1.463018 1.740817 -1.512744
v 0.337944 1.807229 -1.134558
v 1.463018 1.807229 -1.134558
v 0.337944 1.757522 -0.756372
v 1.463018 1.757522 -0.756372
v 1.463018 1.766986 -0.378186
v 0.337944 1.766986 -0.378186
v 0.939719 1.877109 -2.647302
v 6.020615 3.729186 -2.737982
v 6.020615 0.000000 -2.536743
v 6.020615 4.068045 -2.013268
v 6.121523 4.068045 -2.075930
v 6.121523 4.295375 -2.075930
v 5.732876 4.295375 -1.881606
v 3.060761 4.043377 -1.881606
v 5.732876 4.043377 -1.881606
v 6.020615 2.575454 -2.013268
v 6.020615 1.732732 -2.536743
v 6.020615 3.131177 -2.737982
v 2.149333 4.043377 -1.488494
v 2.149333 2.198355 -1.488494
v 1.758962 1.698312 -1.323651
v 1.758962 2.166269 -1.323651
v 2.149333 3.730373 -1.488493
v 2.149333 3.109904 -1.488493
v 2.084327 3.730373 -1.488493
v 2.084327 3.109904 -1.488493
v 6.020615 3.729186 -1.288554
v 6.020615 2.860363 -4.026536
v 6.020615 3.131177 -1.288554
v 6.020615 3.729186 -0.724714
v 6.020615 3.131177 -0.724714
v 6.020615 2.860363 -2.013268
v 6.086594 3.729186 -0.724714
v 6.086594 3.131177 -0.724714
v 6.086594 3.729186 -2.737982
v 6.086594 3.729186 -3.301821
v 6.086594 3.131177 -3.301821
v 6.086594 3.131177 -2.737982
v 6.086594 3.729186 -1.288554
v 6.086594 3.131177 -1.288554
v 6.020615 2.256207 -4.026536
v 6.020615 0.000000 -4.026536
v 6.020615 2.256207 -2.013268
v 6.020615 0.000000 -2.013268
v 6.071453 0.000000 -3.503060
v 6.071453 0.000000 -2.536743
v 6.071453 1.732732 -3.503061
v 6.071453 1.732732 -2.536743
v -4.814366 3.729186 -4.026536
v -5.401214 0.000000 -4.026536
v -5.401214 1.856914 -4.026536
v -0.619401 0.000000 -4.026536
v -6.020615 2.575454 -5.368534
v -0.619401 1.856914 -4.026536
v -6.020615 2.256207 -5.368534
v -3.010307 0.000000 -4.026536
v -1.804059 3.729186 -4.026536
v -3.629708 1.856914 -4.026536
v -3.010307 2.575454 -5.368534
v -3.010307 4.068045 -4.026536
v -6.020615 4.068045 -4.026536
v -3.060761 4.068045 -4.151859
v -6.121523 4.068045 -4.151859
v -3.060761 4.295375 -3.763213
v -5.732876 4.295375 -3.763213
v -3.060761 4.295375 -4.151859
v -6.121523 4.295375 -4.151859
v -0.810537 3.730373 -2.976987
v -2.149333 3.730373 -1.764994
v -5.732876 4.043377 -3.763213
v -3.060761 4.043377 -3.763213
v -3.010307 2.256207 -5.368534
v -6.020615 0.000000 -3.503060
v -2.390906 1.856914 -4.026536
v -3.629708 0.000000 -4.026536
v -2.390906 0.000000 -4.026536
v -3.629708 0.000000 -3.723326
v -5.401214 0.000000 -3.723326
v -0.619401 0.000000 -3.723326
v -2.390906 0.000000 -3.723326
v -4.891294 1.657537 -3.723326
v -4.139628 1.657537 -3.723326
v -1.880986 1.657537 -3.723326
v -1.129321 1.657537 -3.723326
v -2.390906 1.856914 -3.723326
v -0.619401 1.856914 -3.723326
v -1.129321 0.000000 -3.723326
v -1.880986 0.000000 -3.723326
v -5.401214 1.856914 -3.723326
v -4.891294 0.000000 -3.723326
v -3.629708 1.856914 -3.723326
v -4.139628 0.000000 -3.723326
v -4.139628 0.000000 -3.767174
v -4.891294 0.000000 -3.767174
v -1.129321 0.000000 -3.767174
v -1.880986 0.000000 -3.767174
v -1.880986 1.657537 -3.767174
v -1.129321 1.657537 -3.767174
v -4.891294 1.657537 -3.767174
v -4.139628 1.657537 -3.767174
v -6.020615 1.732732 -3.503061
v -6.020615 2.575454 -4.026536
v -3.010307 2.256207 -4.026536
v -4.814366 3.131177 -4.026536
v -1.804059 3.131177 -4.026536
v -1.206248 3.729186 -4.026536
v -1.206248 3.131177 -4.026536
v -4.216556 3.729186 -4.026536
v -4.216556 3.131177 -4.026536
v -6.020615 3.729186 -3.301821
v -6.020615 3.131177 -3.301821
v -3.010307 2.860363 -4.026536
v -1.804059 3.729186 -4.095522
v -1.206248 3.729186 -4.095522
v -1.804059 3.131177 -4.095522
v -1.206248 3.131177 -4.095522
v -4.814366 3.729186 -4.095522
v -4.216556 3.729186 -4.095522
v -4.814366 3.131177 -4.095522
v -4.216556 3.131177 -4.095522
v -0.810537 3.109904 -2.976987
v -2.149333 3.109904 -1.764994
v -1.758962 1.698312 -2.647302
v -1.758962 2.166269 -2.647302
v -1.338795 3.730373 -2.976987
v -2.149332 3.730373 -1.211993
v -1.338795 3.109904 -2.976987
v -2.149332 3.109904 -1.211993
v -2.149333 4.043377 -2.976987
v -2.149333 2.198355 -2.976987
v -1.338795 3.730373 -2.926438
v -0.810537 3.730373 -2.926438
v -0.810537 3.109904 -2.926438
v -1.338795 3.109904 -2.926438
v -2.084327 3.730373 -1.211993
v -2.084327 3.109904 -1.211993
v -2.084327 3.730373 -1.764994
v -2.084327 3.109904 -1.764994
v -1.779962 1.877109 -2.647302
v -0.021000 1.877109 -2.647302
v -1.779962 1.766986 -0.378186
v -1.779962 1.757522 -0.756372
v -1.779962 1.807229 -1.134558
v -1.779962 1.740817 -1.512744
v -1.779962 1.751576 -1.890930
v -1.779962 1.807229 -2.269116
v -0.021000 1.807229 -2.269116
v -0.021000 1.751576 -1.890930
v -0.021000 1.740817 -1.512744
v -0.021000 1.807229 -1.134558
v -0.021000 1.757522 -0.756372
v -0.021000 1.766986 -0.378186
v -0.900481 1.702535 -2.269116
v -0.900481 1.614101 -1.890930
v -0.900481 1.740817 -1.512744
v -0.900481 1.718650 -1.134558
v -0.900481 1.620600 -0.756372
v -0.900481 1.766986 -0.378186
v -1.463018 1.702535 -2.269116
v -0.337944 1.702535 -2.269116
v -0.337944 1.751576 -1.890930
v -1.463018 1.751576 -1.890930
v -0.337944 1.740817 -1.512744
v -1.463018 1.740817 -1.512744
v -0.337944 1.807229 -1.134558
v -1.463018 1.807229 -1.134558
v -0.337944 1.757522 -0.756372
v -1.463018 1.757522 -0.756372
v -1.463018 1.766986 -0.378186
v -0.337944 1.766986 -0.378186
v -0.939719 1.877109 -2.647302
v -6.020615 3.729186 -2.737982
v -6.020615 0.000000 -2.536743
v -6.020615 4.068045 -2.013268
v -6.121523 4.068045 -2.075930
v -6.121523 4.295375 -2.075930
v -5.732876 4.295375 -1.881606
v -3.060761 4.043377 -1.881606
v -5.732876 4.043377 -1.881606
v -6.020615 2.575454 -2.013268
v -6.020615 1.732732 -2.536743
v -6.020615 3.131177 -2.737982
v -2.149333 4.043377 -1.488494
v -2.149333 2.198355 -1.488494
v -1.758962 1.698312 -1.323651
v -1.758962 2.166269 -1.323651
v -2.149333 3.730373 -1.488493
v -2.149333 3.109904 -1.488493
v -2.084327 3.730373 -1.488493
v -2.084327 3.109904 -1.488493
v -6.020615 3.729186 -1.288554
v -6.020615 2.860363 -4.026536
v -6.020615 3.131177 -1.288554
v -6.020615 3.729186 -0.724714
v -6.020615 3.131177 -0.724714
v -6.020615 2.860363 -2.013268
v -6.086594 3.729186 -0.724714
v -6.086594 3.131177 -0.724714
v -6.086594 3.729186 -2.737982
v -6.086594 3.729186 -3.301821
v -6.086594 3.131177 -3.301821
v -6.086594 3.131177 -2.737982
v -6.086594 3.729186 -1.288554
v -6.086594 3.131177 -1.288554
v -6.020615 2.256207 -4.026536
v -6.020615 0.000000 -4.026536
v -6.020615 2.256207 -2.013268
v -6.020615 0.000000 -2.013268
v -6.071453 0.000000 -3.503060
v -6.071453 0.000000 -2.536743
v -6.071453 1.732732 -3.503061
v -6.071453 1.732732 -2.536743
v -5.585134 2.090127 4.698236
v -5.585134 0.166079 4.698236
v -5.445134 0.166079 4.735749
v -5.445134 2.090127 4.735749
v -5.342647 0.166079 4.838236
v -5.342647 2.090127 4.838236
v -5.305134 0.166079 4.978236
v -5.305134 2.090127 4.978236
v -5.342647 0.166079 5.118236
v -5.342647 2.090127 5.118236
v -5.445134 0.166079 5.220723
v -5.445134 2.090127 5.220723
v -5.585134 0.166079 5.258236
v -5.585134 2.090127 5.258236
v -5.725134 0.166079 5.220723
v -5.725134 2.090127 5.220723
v -5.827621 0.166079 5.118236
v -5.827621 2.090127 5.118236
v -5.865134 0.166079 4.978236
v -5.865134 2.090127 4.978236
v -5.827621 0.166079 4.838236
v -5.827621 2.090127 4.838236
v -5.725134 0.166079 4.735749
v -5.725134 2.090127 4.735749
v -5.585135 0.000000 4.615746
v -5.403889 0.000000 4.664310
v -5.403889 2.256207 4.664310
v -5.585135 2.256207 4.615746
v -5.271208 0.000000 4.796991
v -5.271208 2.256207 4.796991
v -5.222644 0.000000 4.978236
v -5.222644 2.256207 4.978236
v -5.271208 0.000000 5.159482
v -5.271208 2.256207 5.159482
v -5.403889 0.000000 5.292162
v -5.403889 2.256207 5.292162
v -5.585135 0.000000 5.340727
v -5.585135 2.256207 5.340727
v -5.766380 0.000000 5.292162
v -5.766380 2.256207 5.292162
v -5.899061 0.000000 5.159482
v -5.899061 2.256207 5.159482
v -5.947625 0.000000 4.978236
v -5.947625 2.256207 4.978236
v -5.899061 0.000000 4.796991
v -5.899061 2.256207 4.796991
v -5.766380 0.000000 4.664310
v -5.766380 2.256207 4.664310
v -5.766380 2.090127 4.664310
v -5.585135 2.090127 4.615746
v -5.585135 0.166079 4.615746
v -5.766380 0.166079 4.664310
v -5.899061 2.090127 4.796991
v -5.899061 0.166079 4.796991
v -5.947625 2.090127 4.978236
v -5.947625 0.166079 4.978236
v -5.899061 2.090127 5.159482
v -5.899061 0.166079 5.159482
v -5.766380 2.090127 5.292162
v -5.766380 0.166079 5.292162
v -5.585135 2.090127 5.340727
v -5.585135 0.166079 5.340727
v -5.403889 2.090127 5.292162
v -5.403889 0.166079 5.292162
v -5.271208 2.090127 5.159482
v -5.271208 0.166079 5.159482
v -5.222644 2.090127 4.978236
v -5.222644 0.166079 4.978236
v -5.271208 2.090127 4.796991
v -5.271208 0.166079 4.796991
v -5.403889 2.090127 4.664310
v -5.403889 0.166079 4.664310
v -3.337693 2.090127 4.698236
v -3.337693 0.166079 4.698236
v -3.197693 0.166079 4.735749
v -3.197693 2.090127 4.735749
v -3.095206 0.166079 4.838236
v -3.095206 2.090127 4.838236
v -3.057693 0.166079 4.978236
v -3.057693 2.090127 4.978236
v -3.095206 0.166079 5.118236
v -3.095206 2.090127 5.118236
v -3.197693 0.166079 5.220723
v -3.197693 2.090127 5.220723
v -3.337693 0.166079 5.258236
v -3.337693 2.090127 5.258236
v -3.477693 0.166079 5.220723
v -3.477693 2.090127 5.220723
v -3.580180 0.166079 5.118236
v -3.580180 2.090127 5.118236
v -3.617693 0.166079 4.978236
v -3.617693 2.090127 4.978236
v -3.580180 0.166079 4.838236
v -3.580180 2.090127 4.838236
v -3.477693 0.166079 4.735749
v -3.477693 2.090127 4.735749
v -3.337693 0.000000 4.615746
v -3.156448 0.000000 4.664310
v -3.156448 2.256207 4.664310
v -3.337693 2.256207 4.615746
v -3.023767 0.000000 4.796991
v -3.023767 2.256207 4.796991
v -2.975203 0.000000 4.978236
v -2.975203 2.256207 4.978236
v -3.023767 0.000000 5.159482
v -3.023767 2.256207 5.159482
v -3.156448 0.000000 5.292162
v -3.156448 2.256207 5.292162
v -3.337693 0.000000 5.340727
v -3.337693 2.256207 5.340727
v -3.518939 0.000000 5.292162
v -3.518939 2.256207 5.292162
v -3.651619 0.000000 5.159482
v -3.651619 2.256207 5.159482
v -3.700184 0.000000 4.978236
v -3.700184 2.256207 4.978236
v -3.651619 0.000000 4.796991
v -3.651619 2.256207 4.796991
v -3.518939 0.000000 4.664310
v -3.518939 2.256207 4.664310
v -3.518939 2.090127 4.664310
v -3.337693 2.090127 4.615746
v -3.337693 0.166079 4.615746
v -3.518939 0.166079 4.664310
v -3.651619 2.090127 4.796991
v -3.651619 0.166079 4.796991
v -3.700184 2.090127 4.978236
v -3.700184 0.166079 4.978236
v -3.651619 2.090127 5.159482
v -3.651619 0.166079 5.159482
v -3.518939 2.090127 5.292162
v -3.518939 0.166079 5.292162
v -3.337693 2.090127 5.340727
v -3.337693 0.166079 5.340727
v -3.156448 2.090127 5.292162
v -3.156448 0.166079 5.292162
v -3.023767 2.090127 5.159482
v -3.023767 0.166079 5.159482
v -2.975203 2.090127 4.978236
v -2.975203 0.166079 4.978236
v -3.023767 2.090127 4.796991
v -3.023767 0.166079 4.796991
v -3.156448 2.090127 4.664310
v -3.156448 0.166079 4.664310
v -1.090252 2.090127 4.698236
v -1.090252 0.166079 4.698236
v -0.950252 0.166079 4.735749
v -0.950252 2.090127 4.735749
v -0.847765 0.166079 4.838236
v -0.847765 2.090127 4.838236
v -0.810252 0.166079 4.978236
v -0.810252 2.090127 4.978236
v -0.847765 0.166079 5.118236
v -0.847765 2.090127 5.118236
v -0.950252 0.166079 5.220723
v -0.950252 2.090127 5.220723
v -1.090252 0.166079 5.258236
v -1.090252 2.090127 5.258236
v -1.230252 0.166079 5.220723
v -1.230252 2.090127 5.220723
v -1.332739 0.166079 5.118236
v -1.332739 2.090127 5.118236
v -1.370252 0.166079 4.978236
v -1.370252 2.090127 4.978236
v -1.332739 0.166079 4.838236
v -1.332739 2.090127 4.838236
v -1.230252 0.166079 4.735749
v -1.230252 2.090127 4.735749
v -1.090252 0.000000 4.615746
v -0.909007 0.000000 4.664310
v -0.909007 2.256207 4.664310
v -1.090252 2.256207 4.615746
v -0.776326 0.000000 4.796991
v -0.776326 2.256207 4.796991
v -0.727762 0.000000 4.978236
v -0.727762 2.256207 4.978236
v -0.776326 0.000000 5.159482
v -0.776326 2.256207 5.159482
v -0.909007 0.000000 5.292162
v -0.909007 2.256207 5.292162
v -1.090252 0.000000 5.340727
v -1.090252 2.256207 5.340727
v -1.271498 0.000000 5.292162
v -1.271498 2.256207 5.292162
v -1.404179 0.000000 5.159482
v -1.404179 2.256207 5.159482
v -1.452743 0.000000 4.978236
v -1.452743 2.256207 4.978236
v -1.404179 0.000000 4.796991
v -1.404179 2.256207 4.796991
v -1.271498 0.000000 4.664310
v -1.271498 2.256207 4.664310
v -1.271498 2.090127 4.664310
v -1.090252 2.090127 4.615746
v -1.090252 0.166079 4.615746
v -1.271498 0.166079 4.664310
v -1.404179 2.090127 4.796991
v -1.404179 0.166079 4.796991
v -1.452743 2.090127 4.978236
v -1.452743 0.166079 4.978236
v -1.404179 2.090127 5.159482
v -1.404179 0.166079 5.159482
v -1.271498 2.090127 5.292162
v -1.271498 0.166079 5.292162
v -1.090252 2.090127 5.340727
v -1.090252 0.166079 5.340727
v -0.909007 2.090127 5.292162
v -0.909007 0.166079 5.292162
v -0.776326 2.090127 5.159482
v -0.776326 0.166079 5.159482
v -0.727762 2.090127 4.978236
v -0.727762 0.166079 4.978236
v -0.776326 2.090127 4.796991
v -0.776326 0.166079 4.796991
v -0.909007 2.090127 4.664310
v -0.909007 0.166079 4.664310
v 1.157189 2.090127 4.698236
v 1.157189 0.166079 4.698236
v 1.297189 0.166079 4.735749
v 1.297189 2.090127 4.735749
v 1.399676 0.166079 4.838236
v 1.399676 2.090127 4.838236
v 1.437189 0.166079 4.978236
v 1.437189 2.090127 4.978236
v 1.399676 0.166079 5.118236
v 1.399676 2.090127 5.118236
v 1.297189 0.166079 5.220723
v 1.297189 2.090127 5.220723
v 1.157189 0.166079 5.258236
v 1.157189 2.090127 5.258236
v 1.017189 0.166079 5.220723
v 1.017189 2.090127 5.220723
v 0.914702 0.166079 5.118236
v 0.914702 2.090127 5.118236
v 0.877189 0.166079 4.978236
v 0.877189 2.090127 4.978236
v 0.914702 0.166079 4.838236
v 0.914702 2.090127 4.838236
v 1.017189 0.166079 4.735749
v 1.017189 2.090127 4.735749
v 1.157188 0.000000 4.615746
v 1.338434 0.000000 4.664310
v 1.338434 2.256207 4.664310
v 1.157188 2.256207 4.615746
v 1.471115 0.000000 4.796991
v 1.471115 2.256207 4.796991
v 1.519679 0.000000 4.978236
v 1.519679 2.256207 4.978236
v 1.471115 0.000000 5.159482
v 1.471115 2.256207 5.159482
v 1.338434 0.000000 5.292162
v 1.338434 2.256207 5.292162
v 1.157188 0.000000 5.340727
v 1.157188 2.256207 5.340727
v 0.975943 0.000000 5.292162
v 0.975943 2.256207 5.292162
v 0.843262 0.000000 5.159482
v 0.843262 2.256207 5.159482
v 0.794698 0.000000 4.978236
v 0.794698 2.256207 4.978236
v 0.843262 0.000000 4.796991
v 0.843262 2.256207 4.796991
v 0.975943 0.000000 4.664310
v 0.975943 2.256207 4.664310
v 0.975943 2.090127 4.664310
v 1.157188 2.090127 4.615746
v 1.157188 0.166079 4.615746
v 0.975943 0.166079 4.664310
v 0.843262 2.090127 4.796991
v 0.843262 0.166079 4.796991
v 0.794698 2.090127 4.978236
v 0.794698 0.166079 4.978236
v 0.843262 2.090127 5.159482
v 0.843262 0.166079 5.159482
v 0.975943 2.090127 5.292162
v 0.975943 0.166079 5.292162
v 1.157188 2.090127 5.340727
v 1.157188 0.166079 5.340727
v 1.338434 2.090127 5.292162
v 1.338434 0.166079 5.292162
v 1.471115 2.090127 5.159482
v 1.471115 0.166079 5.159482
v 1.519679 2.090127 4.978236
v 1.519679 0.166079 4.978236
v 1.471115 2.090127 4.796991
v 1.471115 0.166079 4.796991
v 1.338434 2.090127 4.664310
v 1.338434 0.166079 4.664310
v 3.404630 2.090127 4.698236
v 3.404630 0.166079 4.698236
v 3.544631 0.166079 4.735749
v 3.544631 2.090127 4.735749
v 3.647117 0.166079 4.838236
v 3.647117 2.090127 4.838236
v 3.684630 0.166079 4.978236
v 3.684630 2.090127 4.978236
v 3.647117 0.166079 5.118236
v 3.647117 2.090127 5.118236
v 3.544631 0.166079 5.220723
v 3.544631 2.090127 5.220723
v 3.404630 0.166079 5.258236
v 3.404630 2.090127 5.258236
v 3.264630 0.166079 5.220723
v 3.264630 2.090127 5.220723
v 3.162143 0.166079 5.118236
v 3.162143 2.090127 5.118236
v 3.124630 0.166079 4.978236
v 3.124630 2.090127 4.978236
v 3.162143 0.166079 4.838236
v 3.162143 2.090127 4.838236
v 3.264630 0.166079 4.735749
v 3.264630 2.090127 4.735749
v 3.404630 0.000000 4.615746
v 3.585875 0.000000 4.664310
v 3.585875 2.256207 4.664310
v 3.404630 2.256207 4.615746
v 3.718556 0.000000 4.796991
v 3.718556 2.256207 4.796991
v 3.767121 0.000000 4.978236
v 3.767121 2.256207 4.978236
v 3.718556 0.000000 5.159482
v 3.718556 2.256207 5.159482
v 3.585875 0.000000 5.292162
v 3.585875 2.256207 5.292162
v 3.404630 0.000000 5.340727
v 3.404630 2.256207 5.340727
v 3.223384 0.000000 5.292162
v 3.223384 2.256207 5.292162
v 3.090703 0.000000 5.159482
v 3.090703 2.256207 5.159482
v 3.042140 0.000000 4.978236
v 3.042140 2.256207 4.978236
v 3.090703 0.000000 4.796991
v 3.090703 2.256207 4.796991
v 3.223384 0.000000 4.664310
v 3.223384 2.256207 4.664310
v 3.223384 2.090127 4.664310
v 3.404630 2.090127 4.615746
v 3.404630 0.166079 4.615746
v 3.223384 0.166079 4.664310
v 3.090703 2.090127 4.796991
v 3.090703 0.166079 4.796991
v 3.042140 2.090127 4.978236
v 3.042140 0.166079 4.978236
v 3.090703 2.090127 5.159482
v 3.090703 0.166079 5.159482
v 3.223384 2.090127 5.292162
v 3.223384 0.166079 5.292162
v 3.404630 2.090127 5.340727
v 3.404630 0.166079 5.340727
v 3.585875 2.090127 5.292162
v 3.585875 0.166079 5.292162
v 3.718556 2.090127 5.159482
v 3.718556 0.166079 5.159482
v 3.767121 2.090127 4.978236
v 3.767121 0.166079 4.978236
v 3.718556 2.090127 4.796991
v 3.718556 0.166079 4.796991
v 3.585875 2.090127 4.664310
v 3.585875 0.166079 4.664310
v 5.652071 2.090127 4.698236
v 5.652071 0.166079 4.698236
v 5.792072 0.166079 4.735749
v 5.792072 2.090127 4.735749
v 5.894558 0.166079 4.838236
v 5.894558 2.090127 4.838236
v 5.932071 0.166079 4.978236
v 5.932071 2.090127 4.978236
v 5.894558 0.166079 5.118236
v 5.894558 2.090127 5.118236
v 5.792072 0.166079 5.220723
v 5.792072 2.090127 5.220723
v 5.652071 0.166079 5.258236
v 5.652071 2.090127 5.258236
v 5.512071 0.166079 5.220723
v 5.512071 2.090127 5.220723
v 5.409585 0.166079 5.118236
v 5.409585 2.090127 5.118236
v 5.372072 0.166079 4.978236
v 5.372072 2.090127 4.978236
v 5.409585 0.166079 4.838236
v 5.409585 2.090127 4.838236
v 5.512071 0.166079 4.735749
v 5.512071 2.090127 4.735749
v 5.652071 0.000000 4.615746
v 5.833316 0.000000 4.664310
v 5.833316 2.256207 4.664310
v 5.652071 2.256207 4.615746
v 5.965997 0.000000 4.796991
v 5.965997 2.256207 4.796991
v 6.014561 0.000000 4.978236
v 6.014561 2.256207 4.978236
v 5.965997 0.000000 5.159482
v 5.965997 2.256207 5.159482
v 5.833316 0.000000 5.292162
v 5.833316 2.256207 5.292162
v 5.652071 0.000000 5.340727
v 5.652071 2.256207 5.340727
v 5.470826 0.000000 5.292162
v 5.470826 2.256207 5.292162
v 5.338145 0.000000 5.159482
v 5.338145 2.256207 5.159482
v 5.289581 0.000000 4.978236
v 5.289581 2.256207 4.978236
v 5.338145 0.000000 4.796991
v 5.338145 2.256207 4.796991
v 5.470826 0.000000 4.664310
v 5.470826 2.256207 4.664310
v 5.470826 2.090127 4.664310
v 5.652071 2.090127 4.615746
v 5.652071 0.166079 4.615746
v 5.470826 0.166079 4.664310
v 5.338145 2.090127 4.796991
v 5.338145 0.166079 4.796991
v 5.289581 2.090127 4.978236
v 5.289581 0.166079 4.978236
v 5.338145 2.090127 5.159482
v 5.338145 0.166079 5.159482
v 5.470826 2.090127 5.292162
v 5.470826 0.166079 5.292162
v 5.652071 2.090127 5.340727
v 5.652071 0.166079 5.340727
v 5.833316 2.090127 5.292162
v 5.833316 0.166079 5.292162
v 5.965997 2.090127 5.159482
v 5.965997 0.166079 5.159482
v 6.014561 2.090127 4.978236
v 6.014561 0.166079 4.978236
v 5.965997 2.090127 4.796991
v 5.965997 0.166079 4.796991
v 5.833316 2.090127 4.664310
v 5.833316 0.166079 4.664310
v -5.585134 2.090127 -4.698236
v -5.585134 0.166079 -4.698236
v -5.445134 0.166079 -4.735749
v -5.445134 2.090127 -4.735749
v -5.342647 0.166079 -4.838236
v -5.342647 2.090127 -4.838236
v -5.305134 0.166079 -4.978236
v -5.305134 2.090127 -4.978236
v -5.342647 0.166079 -5.118237
v -5.342647 2.090127 -5.118237
v -5.445134 0.166079 -5.220723
v -5.445134 2.090127 -5.220723
v -5.585134 0.166079 -5.258236
v -5.585134 2.090127 -5.258236
v -5.725134 0.166079 -5.220723
v -5.725134 2.090127 -5.220723
v -5.827621 0.166079 -5.118237
v -5.827621 2.090127 -5.118237
v -5.865134 0.166079 -4.978236
v -5.865134 2.090127 -4.978236
v -5.827621 0.166079 -4.838236
v -5.827621 2.090127 -4.838236
v -5.725134 0.166079 -4.735749
v -5.725134 2.090127 -4.735749
v -5.585135 0.000000 -4.615746
v -5.403889 0.000000 -4.664310
v -5.403889 2.256207 -4.664310
v -5.585135 2.256207 -4.615746
v -5.271208 0.000000 -4.796991
v -5.271208 2.256207 -4.796991
v -5.222644 0.000000 -4.978236
v -5.222644 2.256207 -4.978236
v -5.271208 0.000000 -5.159482
v -5.271208 2.256207 -5.159482
v -5.403889 0.000000 -5.292163
v -5.403889 2.256207 -5.292163
v -5.585135 0.000000 -5.340727
v -5.585135 2.256207 -5.340727
v -5.766380 0.000000 -5.292163
v -5.766380 2.256207 -5.292163
v -5.899061 0.000000 -5.159482
v -5.899061 2.256207 -5.159482
v -5.947625 0.000000 -4.978236
v -5.947625 2.256207 -4.978236
v -5.899061 0.000000 -4.796991
v -5.899061 2.256207 -4.796991
v -5.766380 0.000000 -4.664310
v -5.766380 2.256207 -4.664310
v -5.766380 2.090127 -4.664310
v -5.585135 2.090127 -4.615746
v -5.585135 0.166079 -4.615746
v -5.766380 0.166079 -4.664310
v -5.899061 2.090127 -4.796991
v -5.899061 0.166079 -4.796991
v -5.947625 2.090127 -4.978236
v -5.947625 0.166079 -4.978236
v -5.899061 2.090127 -5.159482
v -5.899061 0.166079 -5.159482
v -5.766380 2.090127 -5.292163
v -5.766380 0.166079 -5.292163
v -5.585135 2.090127 -5.340727
v -5.585135 0.166079 -5.340727
v -5.403889 2.090127 -5.292163
v -5.403889 0.166079 -5.292163
v -5.271208 2.090127 -5.159482
v -5.271208 0.166079 -5.159482
v -5.222644 2.090127 -4.978236
v -5.222644 0.166079 -4.978236
v -5.271208 2.090127 -4.796991
v -5.271208 0.166079 -4.796991
v -5.403889 2.090127 -4.664310
v -5.403889 0.166079 -4.664310
v -3.337693 2.090127 -4.698236
v -3.337693 0.166079 -4.698236
v -3.197693 0.166079 -4.735749
v -3.197693 2.090127 -4.735749
v -3.095206 0.166079 -4.838236
v -3.095206 2.090127 -4.838236
v -3.057693 0.166079 -4.978236
v -3.057693 2.090127 -4.978236
v -3.095206 0.166079 -5.118237
v -3.095206 2.090127 -5.118237
v -3.197693 0.166079 -5.220723
v -3.197693 2.090127 -5.220723
v -3.337693 0.166079 -5.258236
v -3.337693 2.090127 -5.258236
v -3.477693 0.166079 -5.220723
v -3.477693 2.090127 -5.220723
v -3.580180 0.166079 -5.118237
v -3.580180 2.090127 -5.118237
v -3.617693 0.166079 -4.978236
v -3.617693 2.090127 -4.978236
v -3.580180 0.166079 -4.838236
v -3.580180 2.090127 -4.838236
v -3.477693 0.166079 -4.735749
v -3.477693 2.090127 -4.735749
v -3.337693 0.000000 -4.615746
v -3.156448 0.000000 -4.664310
v -3.156448 2.256207 -4.664310
v -3.337693 2.256207 -4.615746
v -3.023767 0.000000 -4.796991
v -3.023767 2.256207 -4.796991
v -2.975203 0.000000 -4.978236
v -2.975203 2.256207 -4.978236
v -3.023767 0.000000 -5.159482
v -3.023767 2.256207 -5.159482
v -3.156448 0.000000 -5.292163
v -3.156448 2.256207 -5.292163
v -3.337693 0.000000 -5.340727
v -3.337693 2.256207 -5.340727
v -3.518939 0.000000 -5.292163
v -3.518939 2.256207 -5.292163
v -3.651619 0.000000 -5.159482
v -3.651619 2.256207 -5.159482
v -3.700184 0.000000 -4.978236
v -3.700184 2.256207 -4.978236
v -3.651619 0.000000 -4.796991
v -3.651619 2.256207 -4.796991
v -3.518939 0.000000 -4.664310
v -3.518939 2.256207 -4.664310
v -3.518939 2.090127 -4.664310
v -3.337693 2.090127 -4.615746
v -3.337693 0.166079 -4.615746
v -3.518939 0.166079 -4.664310
v -3.651619 2.090127 -4.796991
v -3.651619 0.166079 -4.796991
v -3.700184 2.090127 -4.978236
v -3.700184 0.166079 -4.978236
v -3.651619 2.090127 -5.159482
v -3.651619 0.166079 -5.159482
v -3.518939 2.090127 -5.292163
v -3.518939 0.166079 -5.292163
v -3.337693 2.090127 -5.340727
v -3.337693 0.166079 -5.340727
v -3.156448 2.090127 -5.292163
v -3.156448 0.166079 -5.292163
v -3.023767 2.090127 -5.159482
v -3.023767 0.166079 -5.159482
v -2.975203 2.090127 -4.978236
v -2.975203 0.166079 -4.978236
v -3.023767 2.090127 -4.796991
v -3.023767 0.166079 -4.796991
v -3.156448 2.090127 -4.664310
v -3.156448 0.166079 -4.664310
v -1.090252 2.090127 -4.698236
v -1.090252 0.166079 -4.698236
v -0.950252 0.166079 -4.735749
v -0.950252 2.090127 -4.735749
v -0.847765 0.166079 -4.838236
v -0.847765 2.090127 -4.838236
v -0.810252 0.166079 -4.978236
v -0.810252 2.090127 -4.978236
v -0.847765 0.166079 -5.118237
v -0.847765 2.090127 -5.118237
v -0.950252 0.166079 -5.220723
v -0.950252 2.090127 -5.220723
v -1.090252 0.166079 -5.258236
v -1.090252 2.090127 -5.258236
v -1.230252 0.166079 -5.220723
v -1.230252 2.090127 -5.220723
v -1.332739 0.166079 -5.118237
v -1.332739 2.090127 -5.118237
v -1.370252 0.166079 -4.978236
v -1.370252 2.090127 -4.978236
v -1.332739 0.166079 -4.838236
v -1.332739 2.090127 -4.838236
v -1.230252 0.166079 -4.735749
v -1.230252 2.090127 -4.735749
v -1.090252 0.000000 -4.615746
v -0.909007 0.000000 -4.664310
v -0.909007 2.256207 -4.664310
v -1.090252 2.256207 -4.615746
v -0.776326 0.000000 -4.796991
v -0.776326 2.256207 -4.796991
v -0.727762 0.000000 -4.978236
v -0.727762 2.256207 -4.978236
v -0.776326 0.000000 -5.159482
v -0.776326 2.256207 -5.159482
v -0.909007 0.000000 -5.292163
v -0.909007 2.256207 -5.292163
v -1.090252 0.000000 -5.340727
v -1.090252 2.256207 -5.340727
v -1.271498 0.000000 -5.292163
v -1.271498 2.256207 -5.292163
v -1.404179 0.000000 -5.159482
v -1.404179 2.256207 -5.159482
v -1.452743 0.000000 -4.978236
v -1.452743 2.256207 -4.978236
v -1.404179 0.000000 -4.796991
v -1.404179 2.256207 -4.796991
v -1.271498 0.000000 -4.664310
v -1.271498 2.256207 -4.664310
v -1.271498 2.090127 -4.664310
v -1.090252 2.090127 -4.615746
v -1.090252 0.166079 -4.615746
v -1.271498 0.166079 -4.664310
v -1.404179 2.090127 -4.796991
v -1.404179 0.166079 -4.796991
v -1.452743 2.090127 -4.978236
v -1.452743 0.166079 -4.978236
v -1.404179 2.090127 -5.159482
v -1.404179 0.166079 -5.159482
v -1.271498 2.090127 -5.292163
v -1.271498 0.166079 -5.292163
v -1.090252 2.090127 -5.340727
v -1.090252 0.166079 -5.340727
v -0.909007 2.090127 -5.292163
v -0.909007 0.166079 -5.292163
v -0.776326 2.090127 -5.159482
v -0.776326 0.166079 -5.159482
v -0.727762 2.090127 -4.978236
v -0.727762 0.166079 -4.978236
v -0.776326 2.090127 -4.796991
v -0.776326 0.166079 -4.796991
v -0.909007 2.090127 -4.664310
v -0.909007 0.166079 -4.664310
v 1.157189 2.090127 -4.698236
v 1.157189 0.166079 -4.698236
v 1.297189 0.166079 -4.735749
v 1.297189 2.090127 -4.735749
v 1.399676 0.166079 -4.838236
v 1.399676 2.090127 -4.838236
v 1.437189 0.166079 -4.978236
v 1.437189 2.090127 -4.978236
v 1.399676 0.166079 -5.118237
v 1.399676 2.090127 -5.118237
v 1.297189 0.166079 -5.220723
v 1.297189 2.090127 -5.220723
v 1.157189 0.166079 -5.258236
v 1.157189 2.090127 -5.258236
v 1.017189 0.166079 -5.220723
v 1.017189 2.090127 -5.220723
v 0.914702 0.166079 -5.118237
v 0.914702 2.090127 -5.118237
v 0.877189 0.166079 -4.978236
v 0.877189 2.090127 -4.978236
v 0.914702 0.166079 -4.838236
v 0.914702 2.090127 -4.838236
v 1.017189 0.166079 -4.735749
v 1.017189 2.090127 -4.735749
v 1.157188 0.000000 -4.615746
v 1.338434 0.000000 -4.664310
v 1.338434 2.256207 -4.664310
v 1.157188 2.256207 -4.615746
v 1.471115 0.000000 -4.796991
v 1.471115 2.256207 -4.796991
v 1.519679 0.000000 -4.978236
v 1.519679 2.256207 -4.978236
v 1.471115 0.000000 -5.159482
v 1.471115 2.256207 -5.159482
v 1.338434 0.000000 -5.292163
v 1.338434 2.256207 -5.292163
v 1.157188 0.000000 -5.340727
v 1.157188 2.256207 -5.340727
v 0.975943 0.000000 -5.292163
v 0.975943 2.256207 -5.292163
v 0.843262 0.000000 -5.159482
v 0.843262 2.256207 -5.159482
v 0.794698 0.000000 -4.978236
v 0.794698 2.256207 -4.978236
v 0.843262 0.000000 -4.796991
v 0.843262 2.256207 -4.796991
v 0.975943 0.000000 -4.664310
v 0.975943 2.256207 -4.664310
v 0.975943 2.090127 -4.664310
v 1.157188 2.090127 -4.615746
v 1.157188 0.166079 -4.615746
v 0.975943 0.166079 -4.664310
v 0.843262 2.090127 -4.796991
v 0.843262 0.166079 -4.796991
v 0.794698 2.090127 -4.978236
v 0.794698 0.166079 -4.978236
v 0.843262 2.090127 -5.159482
v 0.843262 0.166079 -5.159482
v 0.975943 2.090127 -5.292163
v 0.975943 0.166079 -5.292163
v 1.157188 2.090127 -5.340727
v 1.157188 0.166079 -5.340727
v 1.338434 2.090127 -5.292163
v 1.338434 0.166079 -5.292163
v 1.471115 2.090127 -5.159482
v 1.471115 0.166079 -5.159482
v 1.519679 2.090127 -4.978236
v 1.519679 0.166079 -4.978236
v 1.471115 2.090127 -4.796991
v 1.471115 0.166079 -4.796991
v 1.338434 2.090127 -4.664310
v 1.338434 0.166079 -4.664310
v 3.404630 2.090127 -4.698236
v 3.404630 0.166079 -4.698236
v 3.544631 0.166079 -4.735749
v 3.544631 2.090127 -4.735749
v 3.647117 0.166079 -4.838236
v 3.647117 2.090127 -4.838236
v 3.684630 0.166079 -4.978236
v 3.684630 2.090127 -4.978236
v 3.647117 0.166079 -5.118237
v 3.647117 2.090127 -5.118237
v 3.544631 0.166079 -5.220723
v 3.544631 2.090127 -5.220723
v 3.404630 0.166079 -5.258236
v 3.404630 2.090127 -5.258236
v 3.264630 0.166079 -5.220723
v 3.264630 2.090127 -5.220723
v 3.162143 0.166079 -5.118237
v 3.162143 2.090127 -5.118237
v 3.124630 0.166079 -4.978236
v 3.124630 2.090127 -4.978236
v 3.162143 0.166079 -4.838236
v 3.162143 2.090127 -4.838236
v 3.264630 0.166079 -4.735749
v 3.264630 2.090127 -4.735749
v 3.404630 0.000000 -4.615746
v 3.585875 0.000000 -4.664310
v 3.585875 2.256207 -4.664310
v 3.404630 2.256207 -4.615746
v 3.718556 0.000000 -4.796991
v 3.718556 2.256207 -4.796991
v 3.767121 0.000000 -4.978236
v 3.767121 2.256207 -4.978236
v 3.718556 0.000000 -5.159482
v 3.718556 2.256207 -5.159482
v 3.585875 0.000000 -5.292163
v 3.585875 2.256207 -5.292163
v 3.404630 0.000000 -5.340727
v 3.404630 2.256207 -5.340727
v 3.223384 0.000000 -5.292163
v 3.223384 2.256207 -5.292163
v 3.090703 0.000000 -5.159482
v 3.090703 2.256207 -5.159482
v 3.042140 0.000000 -4.978236
v 3.042140 2.256207 -4.978236
v 3.090703 0.000000 -4.796991
v 3.090703 2.256207 -4.796991
v 3.223384 0.000000 -4.664310
v 3.223384 2.256207 -4.664310
v 3.223384 2.090127 -4.664310
v 3.404630 2.090127 -4.615746
v 3.404630 0.166079 -4.615746
v 3.223384 0.166079 -4.664310
v 3.090703 2.090127 -4.796991
v 3.090703 0.166079 -4.796991
v 3.042140 2.090127 -4.978236
v 3.042140 0.166079 -4.978236
v 3.090703 2.090127 -5.159482
v 3.090703 0.166079 -5.159482
v 3.223384 2.090127 -5.292163
v 3.223384 0.166079 -5.292163
v 3.404630 2.090127 -5.340727
v 3.404630 0.166079 -5.340727
v 3.585875 2.090127 -5.292163
v 3.585875 0.166079 -5.292163
v 3.718556 2.090127 -5.159482
v 3.718556 0.166079 -5.159482
v 3.767121 2.090127 -4.978236
v 3.767121 0.166079 -4.978236
v 3.718556 2.090127 -4.796991
v 3.718556 0.166079 -4.796991
v 3.585875 2.090127 -4.664310
v 3.585875 0.166079 -4.664310
v 5.652071 2.090127 -4.698236
v 5.652071 0.166079 -4.698236
v 5.792072 0.166079 -4.735749
v 5.792072 2.090127 -4.735749
v 5.894558 0.166079 -4.838236
v 5.894558 2.090127 -4.838236
v 5.932071 0.166079 -4.978236
v 5.932071 2.090127 -4.978236
v 5.894558 0.166079 -5.118237
v 5.894558 2.090127 -5.118237
v 5.792072 0.166079 -5.220723
v 5.792072 2.090127 -5.220723
v 5.652071 0.166079 -5.258236
v 5.652071 2.090127 -5.258236
v 5.512071 0.166079 -5.220723
v 5.512071 2.090127 -5.220723
v 5.409585 0.166079 -5.118237
v 5.409585 2.090127 -5.118237
v 5.372072 0.166079 -4.978236
v 5.372072 2.090127 -4.978236
v 5.409585 0.166079 -4.838236
v 5.409585 2.090127 -4.838236
v 5.512071 0.166079 -4.735749
v 5.512071 2.090127 -4.735749
v 5.652071 0.000000 -4.615746
v 5.833316 0.000000 -4.664310
v 5.833316 2.256207 -4.664310
v 5.652071 2.256207 -4.615746
v 5.965997 0.000000 -4.796991
v 5.965997 2.256207 -4.796991
v 6.014561 0.000000 -4.978236
v 6.014561 2.256207 -4.978236
v 5.965997 0.000000 -5.159482
v 5.965997 2.256207 -5.159482
v 5.833316 0.000000 -5.292163
v 5.833316 2.256207 -5.292163
v 5.652071 0.000000 -5.340727
v 5.652071 2.256207 -5.340727
v 5.470826 0.000000 -5.292163
v 5.470826 2.256207 -5.292163
v 5.338145 0.000000 -5.159482
v 5.338145 2.256207 -5.159482
v 5.289581 0.000000 -4.978236
v 5.289581 2.256207 -4.978236
v 5.338145 0.000000 -4.796991
v 5.338145 2.256207 -4.796991
v 5.470826 0.000000 -4.664310
v 5.470826 2.256207 -4.664310
v 5.470826 2.090127 -4.664310
v 5.652071 2.090127 -4.615746
v 5.652071 0.166079 -4.615746
v 5.470826 0.166079 -4.664310
v 5.338145 2.090127 -4.796991
v 5.338145 0.166079 -4.796991
v 5.289581 2.090127 -4.978236
v 5.289581 0.166079 -4.978236
v 5.338145 2.090127 -5.159482
v 5.338145 0.166079 -5.159482
v 5.470826 2.090127 -5.292163
v 5.470826 0.166079 -5.292163
v 5.652071 2.090127 -5.340727
v 5.652071 0.166079 -5.340727
v 5.833316 2.090127 -5.292163
v 5.833316 0.166079 -5.292163
v 5.965997 2.090127 -5.159482
v 5.965997 0.166079 -5.159482
v 6.014561 2.090127 -4.978236
v 6.014561 0.166079 -4.978236
v 5.965997 2.090127 -4.796991
v 5.965997 0.166079 -4.796991
v 5.833316 2.090127 -4.664310
v 5.833316 0.166079 -4.664310
vn -1.0000 -0.0000 -0.0000
vn -0.0000 -0.0000 1.0000
vn -0.0000 -1.0000 -0.0000
vn -0.0000 -0.0000 -1.0000
vn 1.0000 -0.0000 -0.0000
vn -0.0000 1.0000 -0.0000
vn -0.0000 0.9782 0.2077
vn -0.0819 0.9966 -0.0000
vn -0.0000 0.9953 -0.0969
vn -0.0000 0.9881 0.1536
vn -0.0298 0.9799 0.1975
vn -0.2398 0.9663 -0.0940
vn -0.0818 0.9965 -0.0186
vn -0.1014 0.9947 0.0157
vn -0.1155 0.9741 -0.1943
vn -0.1350 0.9378 -0.3198
vn -0.0000 0.9974 0.0726
vn -0.0498 0.9948 0.0887
vn -0.0000 0.9998 0.0216
vn -0.0683 0.9974 -0.0219
vn -0.0000 0.9986 -0.0528
vn -0.0796 0.9965 -0.0242
vn 0.0298 0.9799 0.1975
vn -0.0000 0.9705 0.2410
vn 0.0796 0.9965 -0.0242
vn 0.0683 0.9974 -0.0219
vn 0.0498 0.9948 0.0887
vn 0.1014 0.9947 0.0157
vn 0.0818 0.9965 -0.0186
vn 0.1155 0.9741 -0.1943
vn 0.2398 0.9663 -0.0940
vn -0.0000 1.0000 0.0046
vn -0.0000 0.9977 -0.0681
vn -0.0000 0.9945 0.1050
vn -0.0000 0.9988 0.0493
vn -0.0000 0.9706 -0.2406
vn -0.0000 0.9079 -0.4191
vn 0.1350 0.9378 -0.3198
vn 0.0819 0.9966 -0.0000
vn -0.0000 0.9782 -0.2077
vn -0.0000 0.9953 0.0969
vn -0.0000 0.9881 -0.1536
vn -0.0298 0.9799 -0.1975
vn -0.2398 0.9663 0.0940
vn -0.1155 0.9741 0.1943
vn -0.1014 0.9947 -0.0157
vn -0.0818 0.9965 0.0186
vn -0.1350 0.9378 0.3198
vn -0.0498 0.9948 -0.0887
vn -0.0000 0.9974 -0.0726
vn -0.0683 0.9974 0.0219
vn -0.0000 0.9998 -0.0216
vn -0.0796 0.9965 0.0242
vn -0.0000 0.9986 0.0528
vn -0.0000 0.9705 -0.2410
vn 0.0298 0.9799 -0.1975
vn 0.0796 0.9965 0.0242
vn 0.0683 0.9974 0.0219
vn 0.0498 0.9948 -0.0887
vn 0.1014 0.9947 -0.0157
vn 0.0818 0.9965 0.0186
vn 0.1155 0.9741 0.1943
vn 0.2398 0.9663 0.0940
vn -0.0000 1.0000 -0.0046
vn -0.0000 0.9977 0.0681
vn -0.0000 0.9945 -0.1050
vn -0.0000 0.9988 -0.0493
vn -0.0000 0.9706 0.2406
vn -0.0000 0.9079 0.4191
vn 0.1350 0.9378 0.3198
vn -0.5000 -0.0000 -0.8660
vn -0.8660 -0.0000 -0.5000
vn -0.8660 -0.0000 0.5000
vn -0.5000 -0.0000 0.8660
vn 0.5000 -0.0000 0.8660
vn 0.8660 -0.0000 0.5000
vn 0.8660 -0.0000 -0.5000
vn 0.5000 -0.0000 -0.8660
vt 0.375000 0.762860
vt 0.461287 0.762860
vt 0.601207 0.678139
vt 0.558870 0.678139
vt 0.106685 0.552884
vt 0.106685 0.861272
vt 0.006550 0.927585
vt 0.006550 0.552884
vt 0.461287 0.825360
vt 0.461287 0.862140
vt 0.393077 0.861272
vt 0.493212 0.927585
vt 0.464655 0.733749
vt 0.375000 0.733749
vt 0.393077 0.552884
vt 0.493212 0.552884
vt 0.625000 0.812500
vt 0.625000 0.750000
vt 0.167255 0.771033
vt 0.298778 0.849515
vt 0.280488 0.880166
vt 0.148965 0.801684
vt 0.035731 0.692550
vt 0.017441 0.723201
vt 0.625000 0.687500
vt 0.625000 0.625000
vt 0.625000 0.875000
vt 0.632936 0.681649
vt 0.632936 0.625000
vt 0.632936 0.681649
vt 0.687500 0.738299
vt 0.632936 0.738299
vt 0.387983 0.902745
vt 0.477187 0.955975
vt 0.458897 0.986626
vt 0.369693 0.933396
vt 0.795461 0.659252
vt 0.795461 0.596752
vt 0.807162 0.596752
vt 0.807162 0.659252
vt 0.795461 0.713816
vt 0.807162 0.721752
vt 0.746747 0.596752
vt 0.746747 0.653402
vt 0.738811 0.665103
vt 0.738811 0.602603
vt 0.645372 0.648320
vt 0.706068 0.648320
vt 0.706068 0.711337
vt 0.645372 0.711337
vt 0.750000 0.738299
vt 0.777869 0.597340
vt 0.777869 0.680672
vt 0.726844 0.724688
vt 0.726843 0.619348
vt 0.726844 0.634336
vt 0.726843 0.514008
vt 0.770860 0.514008
vt 0.770860 0.685362
vt 0.603631 0.818123
vt 0.603631 0.869377
vt 0.106686 0.861272
vt 0.393077 0.861272
vt 0.493212 0.927585
vt 0.006550 0.927585
vt 0.393077 0.552884
vt 0.106686 0.552884
vt 0.006550 0.552884
vt 0.375000 0.829499
vt 0.452023 0.829499
vt 0.375000 0.862140
vt 0.461287 0.799640
vt 0.375000 0.825360
vt 0.375000 0.799640
vt 0.452023 0.858000
vt 0.375000 0.858001
vt 0.452023 0.766999
vt 0.375000 0.766999
vt 0.452023 0.795500
vt 0.375000 0.795501
vt 0.673183 0.776335
vt 0.673183 0.998672
vt 0.581459 0.998672
vt 0.581459 0.776335
vt 0.673507 0.778652
vt 0.673507 0.998287
vt 0.581076 0.998287
vt 0.581076 0.778652
vt 0.474351 0.564170
vt 0.474351 0.627236
vt 0.288530 0.627236
vt 0.288530 0.564170
vt 0.288530 0.627236
vt 0.009761 0.627236
vt 0.009761 0.564170
vt 0.288530 0.564170
vt 0.426586 0.627236
vt 0.009760 0.564170
vt 0.426586 0.564170
vt 0.009760 0.627236
vt 0.009760 0.564170
vt 0.789569 0.698590
vt 0.789569 0.558270
vt 0.852124 0.558270
vt 0.852124 0.698590
vt 0.789569 0.698590
vt 0.852124 0.698590
vt 0.197252 0.897690
vt 0.216632 0.935229
vt 0.020437 0.988975
vt 0.001753 0.256295
vt 0.499660 0.256295
vt 0.499661 0.484141
vt 0.001753 0.484141
vt 0.001753 0.256295
vt 0.499660 0.484141
vt 0.001753 0.484141
vt 0.462511 0.760746
vt 0.481891 0.798284
vt 0.298728 0.849274
vt 0.199443 0.849274
vt -0.000893 0.804297
vt 0.499064 0.804297
vt 0.199443 0.948592
vt -0.000893 0.993570
vt 0.298728 0.948592
vt 0.499064 0.993570
vt 0.298728 0.849274
vt 0.199443 0.849274
vt -0.000893 0.804297
vt 0.499064 0.804297
vt 0.199443 0.948592
vt 0.298728 0.948592
vt 0.499064 0.993570
vt 0.671782 0.844634
vt 0.671782 0.945862
vt 0.582827 0.945862
vt 0.582827 0.844634
vt 0.671474 0.844388
vt 0.583155 0.945763
vt 0.583155 0.844388
vt 0.603631 0.755623
vt 0.603631 0.806877
vt 0.556445 0.818123
vt 0.556445 0.755623
vt 0.556445 0.869377
vt 0.556445 0.806877
vt 0.487128 0.465818
vt 0.558994 0.548208
vt 0.487128 0.465818
vt 0.349679 0.509078
vt 0.498301 0.509078
vt 0.498301 0.588467
vt 0.349679 0.588467
vt 0.001585 0.509078
vt 0.181978 0.509078
vt 0.181978 0.588467
vt 0.001585 0.588467
vt 0.349679 0.680744
vt 0.181978 0.680744
vt 0.001585 0.680744
vt 0.252518 0.948101
vt 0.294610 0.948101
vt 0.479112 0.989013
vt 0.252518 0.989013
vt 0.252518 0.867002
vt 0.210426 0.867002
vt 0.025924 0.747858
vt 0.252518 0.747858
vt 0.294610 0.867002
vt 0.479112 0.747858
vt 0.210426 0.948101
vt 0.025924 0.989013
vt 0.216201 0.946024
vt 0.296618 0.946023
vt 0.420006 0.986935
vt 0.092813 0.986935
vt 0.296618 0.864925
vt 0.216201 0.864925
vt 0.092813 0.745780
vt 0.420006 0.745780
vt 0.671078 0.946220
vt 0.583574 0.946220
vt 0.583574 0.843681
vt 0.671078 0.843681
vt 0.505472 0.494687
vt 0.505472 0.494687
vt 0.568073 0.560963
vt 0.568073 0.560963
vt 0.627326 0.946220
vt 0.583574 0.843681
vt 0.627326 0.843681
vt 0.415262 0.383428
vt 0.415262 0.383428
vt 0.487128 0.465818
vt 0.487128 0.465818
vt 0.655549 0.146950
vt 0.655389 0.093453
vt 0.698417 0.093308
vt 0.698580 0.146900
vt 0.655451 0.405539
vt 0.656444 0.353547
vt 0.699379 0.352899
vt 0.699981 0.403620
vt 0.655503 0.458009
vt 0.655889 0.302238
vt 0.698832 0.301830
vt 0.655389 0.250235
vt 0.698157 0.250057
vt 0.655525 0.198293
vt 0.698761 0.198500
vt 0.851600 0.093390
vt 0.851318 0.147036
vt 0.774957 0.146369
vt 0.774995 0.092928
vt 0.851117 0.198549
vt 0.894453 0.147229
vt 0.894236 0.198664
vt 0.851662 0.250198
vt 0.894316 0.250259
vt 0.850868 0.301882
vt 0.893901 0.302375
vt 0.850340 0.352968
vt 0.893309 0.353739
vt 0.849632 0.403708
vt 0.894165 0.405757
vt 0.774931 0.199410
vt 0.774903 0.250429
vt 0.774871 0.301361
vt 0.774848 0.353500
vt 0.774821 0.403985
vt 0.894738 0.093619
vt 0.769469 0.460615
vt 0.893950 0.458251
vt 0.671078 0.946220
vt 0.498301 0.680744
vt 0.216632 0.935229
vt 0.197252 0.897690
vt 0.288530 0.564170
vt 0.777869 0.514008
vt 0.645372 0.585304
vt 0.706068 0.585304
vt 0.746747 0.540103
vt 0.738811 0.540103
vt 0.423190 0.552044
vt 0.423190 0.928637
vt 0.096070 0.928637
vt 0.096070 0.552043
vt 0.558870 0.740639
vt 0.558870 0.696861
vt 0.180760 0.929800
vt 0.317245 0.929800
vt 0.492671 0.995354
vt 0.005333 0.995354
vt 0.180760 0.785044
vt 0.005333 0.719490
vt 0.317245 0.785044
vt 0.005333 0.745843
vt 0.492671 0.745843
vt 0.492671 0.719490
vt 0.317245 0.929800
vt 0.317245 0.785044
vt 0.492671 0.719490
vt 0.492671 0.995354
vt 0.180760 0.929800
vt 0.180760 0.785044
vt 0.005333 0.745843
vt 0.492671 0.745843
vt 0.005333 0.719490
vt 0.671474 0.945763
vt 0.601207 0.696861
vt 0.601207 0.740639
vt 0.601207 0.634361
vt 0.558870 0.634361
vt 0.181125 0.552044
vt 0.181125 0.841262
vt 0.096070 0.928637
vt 0.096070 0.552044
vt 0.338134 0.841262
vt 0.338134 0.552043
vt 0.423190 0.552043
vt 0.674621 0.776249
vt 0.674621 0.999016
vt 0.579893 0.999016
vt 0.579893 0.776249
vt 0.464655 0.703751
vt 0.375000 0.703751
vt 0.409055 0.875030
vt 0.385984 0.861710
vt 0.389908 0.847064
vt 0.419777 0.864309
vt 0.280175 0.875030
vt 0.257104 0.861710
vt 0.261028 0.847064
vt 0.290897 0.864309
vt 0.230463 0.961135
vt 0.257104 0.961135
vt 0.261028 0.975780
vt 0.226539 0.975780
vt 0.385984 0.961135
vt 0.409055 0.947814
vt 0.419777 0.958536
vt 0.389908 0.975780
vt 0.322951 0.924743
vt 0.336271 0.947814
vt 0.325550 0.958536
vt 0.308305 0.928667
vt 0.293496 0.898102
vt 0.308141 0.894177
vt 0.230463 0.861710
vt 0.207391 0.875030
vt 0.196670 0.864309
vt 0.226539 0.847064
vt 0.359343 0.861710
vt 0.355419 0.847064
vt 0.207391 0.947814
vt 0.196670 0.958536
vt 0.422376 0.924743
vt 0.437022 0.928667
vt 0.359343 0.961135
vt 0.355419 0.975780
vt 0.498186 0.887833
vt 0.457206 0.887833
vt 0.457206 0.527254
vt 0.498186 0.527254
vt 0.047402 0.887833
vt 0.006421 0.887833
vt 0.006422 0.527254
vt 0.047402 0.527254
vt 0.088382 0.887833
vt 0.088382 0.527254
vt 0.129363 0.887833
vt 0.129363 0.527254
vt 0.170343 0.887833
vt 0.170343 0.527254
vt 0.211323 0.887833
vt 0.211324 0.527254
vt 0.252304 0.887833
vt 0.252304 0.527254
vt 0.293284 0.887833
vt 0.293284 0.527254
vt 0.334265 0.887833
vt 0.334265 0.527254
vt 0.375245 0.887833
vt 0.375245 0.527254
vt 0.416225 0.887833
vt 0.416225 0.527254
vt 0.293496 0.924743
vt 0.308141 0.928667
vt 0.595053 0.711630
vt 0.595053 0.648389
vt 0.626487 0.648389
vt 0.626487 0.711630
vt 0.689355 0.711630
vt 0.689355 0.648389
vt 0.720790 0.648389
vt 0.720790 0.711630
vt 0.752224 0.648389
vt 0.752224 0.711630
vt 0.783658 0.648389
vt 0.783658 0.711630
vt 0.815093 0.648389
vt 0.815093 0.711630
vt 0.846527 0.648389
vt 0.846527 0.711630
vt 0.877961 0.648389
vt 0.877961 0.711630
vt 0.909395 0.648389
vt 0.909395 0.711630
vt 0.940830 0.648389
vt 0.940830 0.711630
vt 0.972264 0.648389
vt 0.972264 0.711630
vt 0.657921 0.648389
vt 0.657921 0.711630
vt 0.940830 0.711630
vt 0.940830 0.648389
vt 0.783658 0.648389
vt 0.752224 0.648389
vt 0.720790 0.711630
vt 0.720790 0.648389
vt 0.657921 0.648389
vt 0.194071 0.898102
vt 0.179425 0.894178
vt 0.322951 0.898102
vt 0.308305 0.894178
vt 0.280175 0.947814
vt 0.290897 0.958536
vt 0.422376 0.898102
vt 0.437022 0.894177
vt 0.194071 0.924743
vt 0.179425 0.928667
vt 0.336271 0.875030
vt 0.325550 0.864309
s 0
usemtl Material
f 2/1/1 3/2/1 57/2/1 46/1/1
f 176/3/2 178/4/2 189/4/2 188/3/2
f 42/5/2 11/6/2 73/7/2 8/8/2
f 41/9/3 6/10/3 54/10/3 53/9/3
f 11/6/2 3/11/2 190/12/2 73/7/2
f 71/13/2 40/14/2 194/14/2 196/13/2
f 3/11/2 2/15/2 191/16/2 190/12/2
f 16/17/3 18/18/3 21/18/3 19/17/3
f 19/19/2 21/20/2 29/21/2 27/22/2
f 20/23/2 19/19/2 27/22/2 28/24/2
f 159/25/3 12/26/3 22/26/3 160/25/3
f 17/27/3 16/17/3 19/17/3 20/27/3
f 162/28/1 30/29/1 32/29/1 164/30/1
f 23/31/4 25/32/4 35/32/4 37/31/4
f 160/33/5 22/34/5 26/35/5 161/36/5
f 23/37/6 24/38/6 28/39/6 27/40/6
f 25/41/6 23/37/6 27/40/6 29/42/6
f 162/43/6 25/44/6 29/45/6 161/46/6
f 164/47/6 163/48/6 37/49/6 35/50/6
f 24/51/4 23/31/4 37/31/4 38/51/4
f 168/52/6 107/53/6 37/54/6 163/55/6
f 107/56/6 109/57/6 38/58/6 37/59/6
f 10/60/6 78/61/6 87/61/6 86/60/6
f 6/62/2 41/63/2 73/64/2 74/65/2
f 41/63/2 44/66/2 8/16/2 73/64/2
f 4/67/2 6/62/2 74/65/2 43/68/2
f 56/69/5 51/70/5 65/70/5 64/69/5
f 6/10/5 4/71/5 47/71/5 54/10/5
f 3/2/3 11/72/3 59/72/3 57/2/3
f 44/73/1 41/9/1 53/9/1 48/73/1
f 11/72/5 42/74/5 45/74/5 59/72/5
f 52/75/2 51/70/2 53/9/2 54/10/2
f 55/76/2 52/75/2 54/10/2 47/71/2
f 51/70/2 56/69/2 48/73/2 53/9/2
f 49/77/2 58/78/2 46/1/2 57/2/2
f 50/79/2 49/77/2 57/2/2 59/72/2
f 60/80/2 50/79/2 59/72/2 45/74/2
f 64/81/2 65/82/2 66/83/2 63/84/2
f 62/85/2 67/86/2 68/87/2 61/88/2
f 58/78/5 49/77/5 67/77/5 62/78/5
f 51/70/6 52/75/6 66/75/6 65/70/6
f 49/77/6 50/79/6 68/79/6 67/77/6
f 52/75/1 55/76/1 63/76/1 66/75/1
f 50/79/1 60/80/1 61/80/1 68/79/1
f 190/89/5 72/90/5 5/91/5 7/92/5
f 165/93/5 72/94/5 190/95/5 192/96/5
f 15/97/2 14/94/2 9/98/2 39/99/2
f 5/97/2 15/100/2 39/101/2 7/99/2
f 73/102/3 190/103/3 7/104/3 39/105/3
f 74/106/3 73/103/3 39/104/3 9/107/3
f 72/108/5 177/109/5 5/110/5
f 15/111/7 5/112/7 177/113/7 85/114/7
f 14/115/7 15/112/7 85/116/7 82/117/7
f 165/118/5 181/119/5 177/109/5 72/108/5
f 78/120/2 10/121/2 16/122/2 17/123/2
f 10/121/2 77/124/2 85/125/2 16/122/2
f 79/126/2 78/120/2 17/123/2 82/127/2
f 77/124/2 79/126/2 82/127/2 85/125/2
f 80/128/2 1/129/2 18/130/2 16/131/2
f 1/129/2 76/132/2 177/125/2 18/130/2
f 81/133/2 80/128/2 16/131/2 85/134/2
f 76/132/2 81/133/2 85/134/2 177/125/2
f 92/135/2 90/136/2 91/137/2 93/138/2
f 88/139/2 86/136/2 87/140/2 89/141/2
f 1/142/6 80/143/6 91/143/6 90/142/6
f 77/144/5 10/60/5 86/60/5 88/144/5
f 76/145/5 1/142/5 90/142/5 92/145/5
f 78/61/1 79/146/1 89/146/1 87/61/1
f 80/143/1 81/147/1 93/147/1 91/143/1
f 79/146/3 77/144/3 88/144/3 89/146/3
f 81/147/3 76/145/3 92/145/3 93/147/3
f 173/148/3 95/149/3 118/149/3 175/150/3
f 169/151/8 96/152/8 99/153/8 171/154/8
f 110/155/9 108/156/9 102/157/9 97/158/9
f 170/159/1 101/160/1 102/157/1 171/154/1
f 101/160/4 98/161/4 97/158/4 102/157/4
f 172/162/1 34/163/1 107/164/1 168/165/1
f 173/166/1 106/167/1 96/168/1 169/169/1
f 34/163/1 95/170/1 108/171/1 107/164/1
f 106/167/1 104/172/1 31/173/1 96/168/1
f 103/174/4 33/175/4 109/176/4 107/177/4
f 94/178/4 105/179/4 108/180/4 110/181/4
f 33/175/4 94/178/4 110/181/4 109/176/4
f 105/179/4 103/174/4 107/177/4 108/180/4
f 112/182/4 111/183/4 114/184/4 113/185/4
f 94/186/1 33/187/1 112/187/1 113/186/1
f 33/187/6 103/188/6 111/188/6 112/187/6
f 103/188/5 105/189/5 114/189/5 111/188/5
f 105/189/3 94/186/3 113/186/3 114/189/3
f 174/190/1 115/183/1 116/191/1 175/192/1
f 104/193/4 106/194/4 116/194/4 115/193/4
f 95/149/2 34/149/2 117/149/2 118/149/2
f 172/195/6 104/193/6 115/193/6 174/196/6
s 1
f 123/197/10 121/198/6 143/199/6 154/200/11
f 128/201/12 127/202/13 147/203/14 144/204/15
f 119/205/16 128/201/12 144/204/15
f 127/202/13 126/206/17 149/207/18 147/203/14
f 126/206/17 125/208/19 151/209/20 149/207/18
f 125/208/19 124/210/21 153/211/22 151/209/20
f 124/210/21 123/197/10 154/200/11 153/211/22
f 142/212/6 155/213/23 141/214/24 135/215/6
f 152/216/25 155/213/23 134/217/10 133/218/21
f 150/219/26 152/216/25 133/218/21 132/220/19
f 148/221/27 150/219/26 132/220/19 131/222/17
f 146/223/28 148/221/27 131/222/17 130/224/29
f 145/225/30 146/223/28 130/224/29 129/226/31
f 141/214/24 140/227/32 153/211/22 154/200/11
f 140/227/32 139/228/33 151/209/20 153/211/22
f 139/228/33 138/229/34 149/207/18 151/209/20
f 138/229/34 137/230/35 147/203/14 149/207/18
f 137/230/35 136/231/36 144/204/15 147/203/14
f 135/215/6 141/214/24 154/200/11 143/199/6
f 155/213/23 142/212/6 122/232/6 134/217/10
f 144/204/15 136/231/36 156/233/37
f 120/234/38 145/225/30 129/226/31
f 146/223/28 145/225/30 136/231/36 137/230/35
f 148/221/27 146/223/28 137/230/35 138/229/34
f 150/219/26 148/221/27 138/229/34 139/228/33
f 152/216/25 150/219/26 139/228/33 140/227/32
f 155/213/23 152/216/25 140/227/32 141/214/24
f 156/233/37 136/231/36 145/225/30
f 156/233/37 119/205/16 144/204/15
f 145/225/30 120/234/38 156/233/37
s 0
f 34/149/6 172/195/6 174/196/6 117/149/6
f 117/235/1 174/190/1 175/192/1 118/185/1
f 95/170/1 173/166/1 169/169/1 108/171/1
f 104/172/1 172/162/1 168/165/1 31/173/1
f 100/236/1 170/159/1 171/154/1 99/153/1
f 108/156/8 169/151/8 171/154/8 102/157/8
f 106/194/3 173/148/3 175/150/3 116/194/3
f 70/118/5 75/119/5 181/237/5 165/238/5
f 70/91/5 165/94/5 192/95/5 69/239/5
f 31/240/6 168/52/6 163/55/6 36/57/6
f 32/241/6 36/242/6 163/48/6 164/47/6
f 30/243/6 162/43/6 161/46/6 26/244/6
f 21/20/5 160/33/5 161/36/5 29/21/5
f 25/32/1 162/28/1 164/30/1 35/32/1
f 18/18/3 159/25/3 160/25/3 21/18/3
f 13/245/5 69/246/5 192/247/5 193/248/5
f 84/249/3 167/250/3 187/250/3 186/249/3
f 83/251/5 157/252/5 159/253/5 18/254/5
f 84/255/5 83/251/5 18/254/5 177/256/5
f 167/257/5 84/255/5 177/258/5 181/259/5
f 157/252/5 167/257/5 181/260/5 159/253/5
f 179/261/5 180/262/5 75/263/5 12/264/5
f 176/265/5 179/261/5 12/264/5 159/254/5
f 180/262/5 178/266/5 181/267/5 75/268/5
f 178/266/5 176/265/5 159/254/5 181/269/5
f 187/139/5 184/270/5 185/140/5 186/141/5
f 183/139/5 182/136/5 188/140/5 189/141/5
f 157/271/6 83/272/6 185/272/6 184/271/6
f 179/273/6 176/3/6 188/3/6 182/273/6
f 167/250/4 157/271/4 184/271/4 187/250/4
f 180/274/4 179/273/4 182/273/4 183/274/4
f 83/272/2 84/249/2 186/249/2 185/272/2
f 178/4/3 180/274/3 183/274/3 189/4/3
f 40/275/5 71/276/5 190/277/5 191/278/5
f 71/276/5 166/279/5 192/246/5 190/277/5
f 166/279/5 158/280/5 193/281/5 192/246/5
f 195/282/5 197/283/5 196/284/5 194/285/5
f 166/286/6 71/13/6 196/13/6 197/286/6
f 158/287/4 166/286/4 197/286/4 195/287/4
f 199/1/5 235/1/5 246/2/5 200/2/5
f 359/3/2 371/3/2 372/4/2 361/4/2
f 232/5/2 205/8/2 262/7/2 207/6/2
f 231/9/3 242/9/3 243/10/3 203/10/3
f 207/6/2 262/7/2 373/12/2 200/11/2
f 260/13/2 379/13/2 377/14/2 230/14/2
f 200/11/2 373/12/2 374/16/2 199/15/2
f 211/17/3 213/17/3 214/18/3 212/18/3
f 213/19/2 219/22/2 220/21/2 214/20/2
f 20/23/2 28/24/2 219/22/2 213/19/2
f 342/25/3 343/25/3 215/26/3 208/26/3
f 17/27/3 20/27/3 213/17/3 211/17/3
f 345/28/5 347/30/5 223/29/5 221/29/5
f 216/31/4 228/31/4 226/32/4 217/32/4
f 343/33/1 344/36/1 218/35/1 215/34/1
f 216/37/6 219/40/6 28/39/6 24/38/6
f 217/41/6 220/42/6 219/40/6 216/37/6
f 345/43/6 344/46/6 220/45/6 217/44/6
f 347/47/6 226/50/6 228/49/6 346/48/6
f 24/51/4 38/51/4 228/31/4 216/31/4
f 351/52/6 346/55/6 228/54/6 292/53/6
f 292/56/6 228/59/6 38/58/6 109/57/6
f 206/60/6 273/60/6 274/61/6 266/61/6
f 203/62/2 74/65/2 262/64/2 231/63/2
f 231/63/2 262/64/2 205/16/2 233/66/2
f 201/67/2 43/68/2 74/65/2 203/62/2
f 245/69/1 253/69/1 254/70/1 240/70/1
f 203/10/1 243/10/1 236/71/1 201/71/1
f 200/2/3 246/2/3 248/72/3 207/72/3
f 233/73/5 237/73/5 242/9/5 231/9/5
f 207/72/1 248/72/1 234/74/1 232/74/1
f 241/75/2 243/10/2 242/9/2 240/70/2
f 244/76/2 236/71/2 243/10/2 241/75/2
f 240/70/2 242/9/2 237/73/2 245/69/2
f 238/77/2 246/2/2 235/1/2 247/78/2
f 239/79/2 248/72/2 246/2/2 238/77/2
f 249/80/2 234/74/2 248/72/2 239/79/2
f 253/81/2 252/84/2 255/83/2 254/82/2
f 251/85/2 250/88/2 257/87/2 256/86/2
f 247/78/1 251/78/1 256/77/1 238/77/1
f 240/70/6 254/70/6 255/75/6 241/75/6
f 238/77/6 256/77/6 257/79/6 239/79/6
f 241/75/5 255/75/5 252/76/5 244/76/5
f 239/79/5 257/79/5 250/80/5 249/80/5
f 373/89/1 204/92/1 202/91/1 261/90/1
f 348/93/1 375/96/1 373/95/1 261/94/1
f 210/97/2 229/99/2 9/98/2 14/94/2
f 202/97/2 204/99/2 229/101/2 210/100/2
f 262/102/3 229/105/3 204/104/3 373/103/3
f 74/106/3 9/107/3 229/104/3 262/103/3
f 261/108/1 202/110/1 360/109/1
f 210/111/7 272/114/7 360/113/7 202/112/7
f 14/115/7 82/117/7 272/116/7 210/112/7
f 348/118/1 261/108/1 360/109/1 364/119/1
f 266/120/2 17/123/2 211/122/2 206/121/2
f 206/121/2 211/122/2 272/125/2 265/124/2
f 267/126/2 82/127/2 17/123/2 266/120/2
f 265/124/2 272/125/2 82/127/2 267/126/2
f 268/128/2 211/131/2 212/130/2 198/129/2
f 198/129/2 212/130/2 360/125/2 264/132/2
f 269/133/2 272/134/2 211/131/2 268/128/2
f 264/132/2 360/125/2 272/134/2 269/133/2
f 279/135/2 280/138/2 278/137/2 277/136/2
f 275/139/2 276/141/2 274/140/2 273/136/2
f 198/142/6 277/142/6 278/143/6 268/143/6
f 265/144/1 275/144/1 273/60/1 206/60/1
f 264/145/1 279/145/1 277/142/1 198/142/1
f 266/61/5 274/61/5 276/146/5 267/146/5
f 268/143/5 278/143/5 280/147/5 269/147/5
f 267/146/3 276/146/3 275/144/3 265/144/3
f 269/147/3 280/147/3 279/145/3 264/145/3
f 356/148/3 358/150/3 301/149/3 282/149/3
f 352/151/39 354/154/39 284/153/39 283/152/39
f 110/155/9 97/158/9 287/157/9 293/156/9
f 353/159/5 354/154/5 287/157/5 286/160/5
f 286/160/4 287/157/4 97/158/4 98/161/4
f 355/162/5 351/165/5 292/164/5 225/163/5
f 356/166/5 352/169/5 283/168/5 291/167/5
f 225/163/5 292/164/5 293/171/5 282/170/5
f 291/167/5 283/168/5 222/173/5 289/172/5
f 288/174/4 292/177/4 109/176/4 224/175/4
f 281/178/4 110/181/4 293/180/4 290/179/4
f 224/175/4 109/176/4 110/181/4 281/178/4
f 290/179/4 293/180/4 292/177/4 288/174/4
f 295/182/4 296/185/4 297/184/4 294/183/4
f 281/186/5 296/186/5 295/187/5 224/187/5
f 224/187/6 295/187/6 294/188/6 288/188/6
f 288/188/1 294/188/1 297/189/1 290/189/1
f 290/189/3 297/189/3 296/186/3 281/186/3
f 357/190/5 358/192/5 299/191/5 298/183/5
f 289/193/4 298/193/4 299/194/4 291/194/4
f 282/149/2 301/149/2 300/149/2 225/149/2
f 355/195/6 357/196/6 298/193/6 289/193/6
s 1
f 306/197/10 337/200/23 326/199/6 304/198/6
f 311/201/31 327/204/30 330/203/28 310/202/29
f 302/205/38 327/204/30 311/201/31
f 310/202/29 330/203/28 332/207/27 309/206/17
f 309/206/17 332/207/27 334/209/26 308/208/19
f 308/208/19 334/209/26 336/211/25 307/210/21
f 307/210/21 336/211/25 337/200/23 306/197/10
f 325/212/6 318/215/6 324/214/24 338/213/11
f 335/216/22 316/218/21 317/217/10 338/213/11
f 333/219/20 315/220/19 316/218/21 335/216/22
f 331/221/18 314/222/17 315/220/19 333/219/20
f 329/223/14 313/224/13 314/222/17 331/221/18
f 328/225/15 312/226/12 313/224/13 329/223/14
f 324/214/24 337/200/23 336/211/25 323/227/32
f 323/227/32 336/211/25 334/209/26 322/228/33
f 322/228/33 334/209/26 332/207/27 321/229/34
f 321/229/34 332/207/27 330/203/28 320/230/35
f 320/230/35 330/203/28 327/204/30 319/231/36
f 318/215/6 326/199/6 337/200/23 324/214/24
f 338/213/11 317/217/10 305/232/6 325/212/6
f 327/204/30 339/233/37 319/231/36
f 303/234/16 312/226/12 328/225/15
f 329/223/14 320/230/35 319/231/36 328/225/15
f 331/221/18 321/229/34 320/230/35 329/223/14
f 333/219/20 322/228/33 321/229/34 331/221/18
f 335/216/22 323/227/32 322/228/33 333/219/20
f 338/213/11 324/214/24 323/227/32 335/216/22
f 339/233/37 328/225/15 319/231/36
f 339/233/37 327/204/30 302/205/38
f 328/225/15 339/233/37 303/234/16
s 0
f 225/149/6 300/149/6 357/196/6 355/195/6
f 300/235/5 301/185/5 358/192/5 357/190/5
f 282/170/5 293/171/5 352/169/5 356/166/5
f 289/172/5 222/173/5 351/165/5 355/162/5
f 285/236/5 284/153/5 354/154/5 353/159/5
f 293/156/39 287/157/39 354/154/39 352/151/39
f 291/194/3 299/194/3 358/150/3 356/148/3
f 259/118/1 348/238/1 364/237/1 263/119/1
f 259/91/1 258/239/1 375/95/1 348/94/1
f 222/240/6 227/57/6 346/55/6 351/52/6
f 223/241/6 347/47/6 346/48/6 227/242/6
f 221/243/6 218/244/6 344/46/6 345/43/6
f 214/20/1 220/21/1 344/36/1 343/33/1
f 217/32/5 226/32/5 347/30/5 345/28/5
f 212/18/3 214/18/3 343/25/3 342/25/3
f 209/245/1 376/248/1 375/247/1 258/246/1
f 271/249/3 369/249/3 370/250/3 350/250/3
f 270/251/1 212/254/1 342/253/1 340/252/1
f 271/255/1 360/256/1 212/254/1 270/251/1
f 350/257/1 364/259/1 360/258/1 271/255/1
f 340/252/1 342/253/1 364/260/1 350/257/1
f 362/261/1 208/264/1 263/263/1 363/262/1
f 359/265/1 342/254/1 208/264/1 362/261/1
f 363/262/1 263/268/1 364/267/1 361/266/1
f 361/266/1 364/269/1 342/254/1 359/265/1
f 370/139/1 369/141/1 368/140/1 367/270/1
f 366/139/1 372/141/1 371/140/1 365/136/1
f 340/271/6 367/271/6 368/272/6 270/272/6
f 362/273/6 365/273/6 371/3/6 359/3/6
f 350/250/4 370/250/4 367/271/4 340/271/4
f 363/274/4 366/274/4 365/273/4 362/273/4
f 270/272/2 368/272/2 369/249/2 271/249/2
f 361/4/3 372/4/3 366/274/3 363/274/3
f 230/275/1 374/278/1 373/277/1 260/276/1
f 260/276/1 373/277/1 375/246/1 349/279/1
f 349/279/1 375/246/1 376/281/1 341/280/1
f 378/282/1 377/285/1 379/284/1 380/283/1
f 349/286/6 380/286/6 379/13/6 260/13/6
f 341/287/4 378/287/4 380/286/4 349/286/4
f 382/1/1 418/1/1 429/2/1 383/2/1
f 537/3/4 549/3/4 550/4/4 539/4/4
f 414/5/4 388/8/4 443/7/4 391/6/4
f 413/9/3 425/9/3 426/10/3 386/10/3
f 391/6/4 443/7/4 551/12/4 383/11/4
f 441/13/4 557/13/4 555/14/4 412/14/4
f 383/11/4 551/12/4 552/16/4 382/15/4
f 394/17/3 397/17/3 399/18/3 396/18/3
f 397/19/4 403/22/4 405/21/4 399/20/4
f 398/23/4 404/24/4 403/22/4 397/19/4
f 520/25/3 521/25/3 22/26/3 12/26/3
f 395/27/3 398/27/3 397/17/3 394/17/3
f 523/28/1 525/30/1 32/29/1 30/29/1
f 400/31/2 409/31/2 408/32/2 402/32/2
f 521/33/5 522/36/5 26/35/5 22/34/5
f 400/37/6 403/40/6 404/39/6 401/38/6
f 402/41/6 405/42/6 403/40/6 400/37/6
f 523/43/6 522/46/6 405/45/6 402/44/6
f 525/47/6 408/50/6 409/49/6 524/48/6
f 401/51/2 410/51/2 409/31/2 400/31/2
f 529/52/6 524/55/6 409/54/6 473/53/6
f 473/56/6 409/59/6 410/58/6 475/57/6
f 390/60/6 455/60/6 456/61/6 447/61/6
f 386/62/4 444/65/4 443/64/4 413/63/4
f 413/63/4 443/64/4 388/16/4 416/66/4
f 384/67/4 415/68/4 444/65/4 386/62/4
f 428/69/5 436/69/5 437/70/5 423/70/5
f 386/10/5 426/10/5 419/71/5 384/71/5
f 383/2/3 429/2/3 431/72/3 391/72/3
f 416/73/1 420/73/1 425/9/1 413/9/1
f 391/72/5 431/72/5 417/74/5 414/74/5
f 424/75/4 426/10/4 425/9/4 423/70/4
f 427/76/4 419/71/4 426/10/4 424/75/4
f 423/70/4 425/9/4 420/73/4 428/69/4
f 421/77/4 429/2/4 418/1/4 430/78/4
f 422/79/4 431/72/4 429/2/4 421/77/4
f 432/80/4 417/74/4 431/72/4 422/79/4
f 436/81/4 435/84/4 438/83/4 437/82/4
f 434/85/4 433/88/4 440/87/4 439/86/4
f 430/78/5 434/78/5 439/77/5 421/77/5
f 423/70/6 437/70/6 438/75/6 424/75/6
f 421/77/6 439/77/6 440/79/6 422/79/6
f 424/75/1 438/75/1 435/76/1 427/76/1
f 422/79/1 440/79/1 433/80/1 432/80/1
f 551/89/5 387/92/5 385/91/5 442/90/5
f 526/93/5 553/96/5 551/95/5 442/94/5
f 393/97/4 411/99/4 389/98/4 392/94/4
f 385/97/4 387/99/4 411/101/4 393/100/4
f 443/102/3 411/105/3 387/104/3 551/103/3
f 444/106/3 389/107/3 411/104/3 443/103/3
f 442/108/5 385/110/5 538/109/5
f 393/111/40 454/114/40 538/113/40 385/112/40
f 392/115/40 451/117/40 454/116/40 393/112/40
f 526/118/5 442/108/5 538/109/5 542/119/5
f 447/120/4 395/123/4 394/122/4 390/121/4
f 390/121/4 394/122/4 454/125/4 446/124/4
f 448/126/4 451/127/4 395/123/4 447/120/4
f 446/124/4 454/125/4 451/127/4 448/126/4
f 449/128/4 394/131/4 396/130/4 381/129/4
f 381/129/4 396/130/4 538/125/4 445/132/4
f 450/133/4 454/134/4 394/131/4 449/128/4
f 445/132/4 538/125/4 454/134/4 450/133/4
f 461/135/4 462/138/4 460/137/4 459/136/4
f 457/139/4 458/141/4 456/140/4 455/136/4
f 381/142/6 459/142/6 460/143/6 449/143/6
f 446/144/5 457/144/5 455/60/5 390/60/5
f 445/145/5 461/145/5 459/142/5 381/142/5
f 447/61/1 456/61/1 458/146/1 448/146/1
f 449/143/1 460/143/1 462/147/1 450/147/1
f 448/146/3 458/146/3 457/144/3 446/144/3
f 450/147/3 462/147/3 461/145/3 445/145/3
f 534/148/3 536/150/3 484/149/3 464/149/3
f 530/151/8 532/154/8 99/153/8 96/152/8
f 476/155/41 465/158/41 468/157/41 474/156/41
f 531/159/1 532/154/1 468/157/1 467/160/1
f 467/160/2 468/157/2 465/158/2 466/161/2
f 533/162/1 529/165/1 473/164/1 407/163/1
f 534/166/1 530/169/1 96/168/1 472/167/1
f 407/163/1 473/164/1 474/171/1 464/170/1
f 472/167/1 96/168/1 31/173/1 470/172/1
f 469/174/2 473/177/2 475/176/2 406/175/2
f 463/178/2 476/181/2 474/180/2 471/179/2
f 406/175/2 475/176/2 476/181/2 463/178/2
f 471/179/2 474/180/2 473/177/2 469/174/2
f 478/182/2 479/185/2 480/184/2 477/183/2
f 463/186/1 479/186/1 478/187/1 406/187/1
f 406/187/6 478/187/6 477/188/6 469/188/6
f 469/188/5 477/188/5 480/189/5 471/189/5
f 471/189/3 480/189/3 479/186/3 463/186/3
f 535/190/1 536/192/1 482/191/1 481/183/1
f 470/193/2 481/193/2 482/194/2 472/194/2
f 464/149/4 484/149/4 483/149/4 407/149/4
f 533/195/6 535/196/6 481/193/6 470/193/6
s 1
f 487/197/42 515/200/43 143/199/6 121/198/6
f 492/201/44 505/204/45 508/203/46 491/202/47
f 485/205/48 505/204/45 492/201/44
f 491/202/47 508/203/46 510/207/49 490/206/50
f 490/206/50 510/207/49 512/209/51 489/208/52
f 489/208/52 512/209/51 514/211/53 488/210/54
f 488/210/54 514/211/53 515/200/43 487/197/42
f 142/212/6 135/215/6 504/214/55 516/213/56
f 513/216/57 497/218/54 498/217/42 516/213/56
f 511/219/58 496/220/52 497/218/54 513/216/57
f 509/221/59 495/222/50 496/220/52 511/219/58
f 507/223/60 494/224/61 495/222/50 509/221/59
f 506/225/62 493/226/63 494/224/61 507/223/60
f 504/214/55 515/200/43 514/211/53 503/227/64
f 503/227/64 514/211/53 512/209/51 502/228/65
f 502/228/65 512/209/51 510/207/49 501/229/66
f 501/229/66 510/207/49 508/203/46 500/230/67
f 500/230/67 508/203/46 505/204/45 499/231/68
f 135/215/6 143/199/6 515/200/43 504/214/55
f 516/213/56 498/217/42 122/232/6 142/212/6
f 505/204/45 517/233/69 499/231/68
f 486/234/70 493/226/63 506/225/62
f 507/223/60 500/230/67 499/231/68 506/225/62
f 509/221/59 501/229/66 500/230/67 507/223/60
f 511/219/58 502/228/65 501/229/66 509/221/59
f 513/216/57 503/227/64 502/228/65 511/219/58
f 516/213/56 504/214/55 503/227/64 513/216/57
f 517/233/69 506/225/62 499/231/68
f 517/233/69 505/204/45 485/205/48
f 506/225/62 517/233/69 486/234/70
s 0
f 407/149/6 483/149/6 535/196/6 533/195/6
f 483/235/1 484/185/1 536/192/1 535/190/1
f 464/170/1 474/171/1 530/169/1 534/166/1
f 470/172/1 31/173/1 529/165/1 533/162/1
f 100/236/1 99/153/1 532/154/1 531/159/1
f 474/156/8 468/157/8 532/154/8 530/151/8
f 472/194/3 482/194/3 536/150/3 534/148/3
f 70/118/5 526/238/5 542/237/5 75/119/5
f 70/91/5 69/239/5 553/95/5 526/94/5
f 31/240/6 36/57/6 524/55/6 529/52/6
f 32/241/6 525/47/6 524/48/6 36/242/6
f 30/243/6 26/244/6 522/46/6 523/43/6
f 399/20/5 405/21/5 522/36/5 521/33/5
f 402/32/1 408/32/1 525/30/1 523/28/1
f 396/18/3 399/18/3 521/25/3 520/25/3
f 13/245/5 554/248/5 553/247/5 69/246/5
f 453/249/3 547/249/3 548/250/3 528/250/3
f 452/251/5 396/254/5 520/253/5 518/252/5
f 453/255/5 538/256/5 396/254/5 452/251/5
f 528/257/5 542/259/5 538/258/5 453/255/5
f 518/252/5 520/253/5 542/260/5 528/257/5
f 540/261/5 12/264/5 75/263/5 541/262/5
f 537/265/5 520/254/5 12/264/5 540/261/5
f 541/262/5 75/268/5 542/267/5 539/266/5
f 539/266/5 542/269/5 520/254/5 537/265/5
f 548/139/5 547/141/5 546/140/5 545/270/5
f 544/139/5 550/141/5 549/140/5 543/136/5
f 518/271/6 545/271/6 546/272/6 452/272/6
f 540/273/6 543/273/6 549/3/6 537/3/6
f 528/250/2 548/250/2 545/271/2 518/271/2
f 541/274/2 544/274/2 543/273/2 540/273/2
f 452/272/4 546/272/4 547/249/4 453/249/4
f 539/4/3 550/4/3 544/274/3 541/274/3
f 412/275/5 552/278/5 551/277/5 441/276/5
f 441/276/5 551/277/5 553/246/5 527/279/5
f 527/279/5 553/246/5 554/281/5 519/280/5
f 556/282/5 555/285/5 557/284/5 558/283/5
f 527/286/6 558/286/6 557/13/6 441/13/6
f 519/287/2 556/287/2 558/286/2 527/286/2
f 560/1/5 561/2/5 599/2/5 588/1/5
f 701/3/4 703/4/4 714/4/4 713/3/4
f 585/5/4 568/6/4 613/7/4 566/8/4
f 584/9/3 564/10/3 596/10/3 595/9/3
f 568/6/4 561/11/4 715/12/4 613/7/4
f 611/13/4 583/14/4 719/14/4 721/13/4
f 561/11/4 560/15/4 716/16/4 715/12/4
f 570/17/3 571/18/3 573/18/3 572/17/3
f 572/19/4 573/20/4 577/21/4 576/22/4
f 398/23/4 572/19/4 576/22/4 404/24/4
f 684/25/3 208/26/3 215/26/3 685/25/3
f 395/27/3 570/17/3 572/17/3 398/27/3
f 687/28/5 221/29/5 223/29/5 689/30/5
f 574/31/2 575/32/2 580/32/2 581/31/2
f 685/33/1 215/34/1 218/35/1 686/36/1
f 574/37/6 401/38/6 404/39/6 576/40/6
f 575/41/6 574/37/6 576/40/6 577/42/6
f 687/43/6 575/44/6 577/45/6 686/46/6
f 689/47/6 688/48/6 581/49/6 580/50/6
f 401/51/2 574/31/2 581/31/2 410/51/2
f 693/52/6 639/53/6 581/54/6 688/55/6
f 639/56/6 475/57/6 410/58/6 581/59/6
f 567/60/6 616/61/6 624/61/6 623/60/6
f 564/62/4 584/63/4 613/64/4 444/65/4
f 584/63/4 586/66/4 566/16/4 613/64/4
f 562/67/4 564/62/4 444/65/4 415/68/4
f 598/69/1 593/70/1 607/70/1 606/69/1
f 564/10/1 562/71/1 589/71/1 596/10/1
f 561/2/3 568/72/3 601/72/3 599/2/3
f 586/73/5 584/9/5 595/9/5 590/73/5
f 568/72/1 585/74/1 587/74/1 601/72/1
f 594/75/4 593/70/4 595/9/4 596/10/4
f 597/76/4 594/75/4 596/10/4 589/71/4
f 593/70/4 598/69/4 590/73/4 595/9/4
f 591/77/4 600/78/4 588/1/4 599/2/4
f 592/79/4 591/77/4 599/2/4 601/72/4
f 602/80/4 592/79/4 601/72/4 587/74/4
f 606/81/4 607/82/4 608/83/4 605/84/4
f 604/85/4 609/86/4 610/87/4 603/88/4
f 600/78/1 591/77/1 609/77/1 604/78/1
f 593/70/6 594/75/6 608/75/6 607/70/6
f 591/77/6 592/79/6 610/79/6 609/77/6
f 594/75/5 597/76/5 605/76/5 608/75/5
f 592/79/5 602/80/5 603/80/5 610/79/5
f 715/89/1 612/90/1 563/91/1 565/92/1
f 690/93/1 612/94/1 715/95/1 717/96/1
f 569/97/4 392/94/4 389/98/4 582/99/4
f 563/97/4 569/100/4 582/101/4 565/99/4
f 613/102/3 715/103/3 565/104/3 582/105/3
f 444/106/3 613/103/3 582/104/3 389/107/3
f 612/108/1 702/109/1 563/110/1
f 569/111/40 563/112/40 702/113/40 622/114/40
f 392/115/40 569/112/40 622/116/40 451/117/40
f 690/118/1 706/119/1 702/109/1 612/108/1
f 616/120/4 567/121/4 570/122/4 395/123/4
f 567/121/4 615/124/4 622/125/4 570/122/4
f 617/126/4 616/120/4 395/123/4 451/127/4
f 615/124/4 617/126/4 451/127/4 622/125/4
f 618/128/4 559/129/4 571/130/4 570/131/4
f 559/129/4 614/132/4 702/125/4 571/130/4
f 619/133/4 618/128/4 570/131/4 622/134/4
f 614/132/4 619/133/4 622/134/4 702/125/4
f 629/135/4 627/136/4 628/137/4 630/138/4
f 625/139/4 623/136/4 624/140/4 626/141/4
f 559/142/6 618/143/6 628/143/6 627/142/6
f 615/144/1 567/60/1 623/60/1 625/144/1
f 614/145/1 559/142/1 627/142/1 629/145/1
f 616/61/5 617/146/5 626/146/5 624/61/5
f 618/143/5 619/147/5 630/147/5 628/143/5
f 617/146/3 615/144/3 625/144/3 626/146/3
f 619/147/3 614/145/3 629/145/3 630/147/3
f 698/148/3 632/149/3 648/149/3 700/150/3
f 694/151/39 283/152/39 284/153/39 696/154/39
f 476/155/41 640/156/41 634/157/41 465/158/41
f 695/159/5 633/160/5 634/157/5 696/154/5
f 633/160/2 466/161/2 465/158/2 634/157/2
f 697/162/5 579/163/5 639/164/5 693/165/5
f 698/166/5 638/167/5 283/168/5 694/169/5
f 579/163/5 632/170/5 640/171/5 639/164/5
f 638/167/5 636/172/5 222/173/5 283/168/5
f 635/174/2 578/175/2 475/176/2 639/177/2
f 631/178/2 637/179/2 640/180/2 476/181/2
f 578/175/2 631/178/2 476/181/2 475/176/2
f 637/179/2 635/174/2 639/177/2 640/180/2
f 642/182/2 641/183/2 644/184/2 643/185/2
f 631/186/5 578/187/5 642/187/5 643/186/5
f 578/187/6 635/188/6 641/188/6 642/187/6
f 635/188/1 637/189/1 644/189/1 641/188/1
f 637/189/3 631/186/3 643/186/3 644/189/3
f 699/190/5 645/183/5 646/191/5 700/192/5
f 636/193/2 638/194/2 646/194/2 645/193/2
f 632/149/4 579/149/4 647/149/4 648/149/4
f 697/195/6 636/193/6 645/193/6 699/196/6
s 1
f 651/197/42 304/198/6 326/199/6 679/200/56
f 656/201/63 655/202/61 672/203/60 669/204/62
f 649/205/70 656/201/63 669/204/62
f 655/202/61 654/206/50 674/207/59 672/203/60
f 654/206/50 653/208/52 676/209/58 674/207/59
f 653/208/52 652/210/54 678/211/57 676/209/58
f 652/210/54 651/197/42 679/200/56 678/211/57
f 325/212/6 680/213/43 668/214/55 318/215/6
f 677/216/53 680/213/43 662/217/42 661/218/54
f 675/219/51 677/216/53 661/218/54 660/220/52
f 673/221/49 675/219/51 660/220/52 659/222/50
f 671/223/46 673/221/49 659/222/50 658/224/47
f 670/225/45 671/223/46 658/224/47 657/226/44
f 668/214/55 667/227/64 678/211/57 679/200/56
f 667/227/64 666/228/65 676/209/58 678/211/57
f 666/228/65 665/229/66 674/207/59 676/209/58
f 665/229/66 664/230/67 672/203/60 674/207/59
f 664/230/67 663/231/68 669/204/62 672/203/60
f 318/215/6 668/214/55 679/200/56 326/199/6
f 680/213/43 325/212/6 305/232/6 662/217/42
f 669/204/62 663/231/68 681/233/69
f 650/234/48 670/225/45 657/226/44
f 671/223/46 670/225/45 663/231/68 664/230/67
f 673/221/49 671/223/46 664/230/67 665/229/66
f 675/219/51 673/221/49 665/229/66 666/228/65
f 677/216/53 675/219/51 666/228/65 667/227/64
f 680/213/43 677/216/53 667/227/64 668/214/55
f 681/233/69 663/231/68 670/225/45
f 681/233/69 649/205/70 669/204/62
f 670/225/45 650/234/48 681/233/69
s 0
f 579/149/6 697/195/6 699/196/6 647/149/6
f 647/235/5 699/190/5 700/192/5 648/185/5
f 632/170/5 698/166/5 694/169/5 640/171/5
f 636/172/5 697/162/5 693/165/5 222/173/5
f 285/236/5 695/159/5 696/154/5 284/153/5
f 640/156/39 694/151/39 696/154/39 634/157/39
f 638/194/3 698/148/3 700/150/3 646/194/3
f 259/118/1 263/119/1 706/237/1 690/238/1
f 259/91/1 690/94/1 717/95/1 258/239/1
f 222/240/6 693/52/6 688/55/6 227/57/6
f 223/241/6 227/242/6 688/48/6 689/47/6
f 221/243/6 687/43/6 686/46/6 218/244/6
f 573/20/1 685/33/1 686/36/1 577/21/1
f 575/32/5 687/28/5 689/30/5 580/32/5
f 571/18/3 684/25/3 685/25/3 573/18/3
f 209/245/1 258/246/1 717/247/1 718/248/1
f 621/249/3 692/250/3 712/250/3 711/249/3
f 620/251/1 682/252/1 684/253/1 571/254/1
f 621/255/1 620/251/1 571/254/1 702/256/1
f 692/257/1 621/255/1 702/258/1 706/259/1
f 682/252/1 692/257/1 706/260/1 684/253/1
f 704/261/1 705/262/1 263/263/1 208/264/1
f 701/265/1 704/261/1 208/264/1 684/254/1
f 705/262/1 703/266/1 706/267/1 263/268/1
f 703/266/1 701/265/1 684/254/1 706/269/1
f 712/139/1 709/270/1 710/140/1 711/141/1
f 708/139/1 707/136/1 713/140/1 714/141/1
f 682/271/6 620/272/6 710/272/6 709/271/6
f 704/273/6 701/3/6 713/3/6 707/273/6
f 692/250/2 682/271/2 709/271/2 712/250/2
f 705/274/2 704/273/2 707/273/2 708/274/2
f 620/272/4 621/249/4 711/249/4 710/272/4
f 703/4/3 705/274/3 708/274/3 714/4/3
f 583/275/1 611/276/1 715/277/1 716/278/1
f 611/276/1 691/279/1 717/246/1 715/277/1
f 691/279/1 683/280/1 718/281/1 717/246/1
f 720/282/1 722/283/1 721/284/1 719/285/1
f 691/286/6 611/13/6 721/13/6 722/286/6
f 683/287/2 691/286/2 722/286/2 720/287/2
s 1
f 733/288/6 735/289/6 784/290/6 786/291/6
f 726/292/3 723/293/3 772/294/3 793/295/3
f 736/296/3 734/297/3 785/298/3 783/299/3
f 725/300/6 727/301/6 792/302/6 794/303/6
f 743/304/6 745/305/6 774/306/6 776/307/6
f 728/308/3 726/292/3 793/295/3 791/309/3
f 746/310/3 744/311/3 775/312/3 771/313/3
f 735/289/6 737/314/6 782/315/6 784/290/6
f 738/316/3 736/296/3 783/299/3 781/317/3
f 727/301/6 729/318/6 790/319/6 792/302/6
f 745/305/6 724/320/6 773/321/6 774/306/6
f 746/322/71 723/323/4 724/324/4 745/325/71
f 744/326/72 746/327/71 745/328/71 743/329/72
f 742/330/1 744/326/72 743/329/72 741/331/1
f 740/332/73 742/330/1 741/331/1 739/333/73
f 738/334/74 740/332/73 739/333/73 737/335/74
f 736/336/2 738/334/74 737/335/74 735/337/2
f 734/338/75 736/336/2 735/337/2 733/339/75
f 732/340/76 734/338/75 733/339/75 731/341/76
f 730/342/5 732/340/76 731/341/76 729/343/5
f 728/344/77 730/342/5 729/343/5 727/345/77
f 726/346/78 728/344/77 727/345/77 725/347/78
f 723/323/4 726/346/78 725/347/78 724/324/4
f 730/348/3 728/308/3 791/309/3 789/349/3
f 769/350/71 774/351/71 773/352/4 747/353/4
f 751/354/77 792/355/77 790/356/5 753/357/5
f 753/357/5 790/356/5 788/358/76 755/359/76
f 755/359/76 788/358/76 786/360/75 757/361/75
f 757/361/75 786/360/75 784/362/2 759/363/2
f 759/363/2 784/362/2 782/364/74 761/365/74
f 761/365/74 782/364/74 780/366/73 763/367/73
f 763/367/73 780/366/73 778/368/1 765/369/1
f 765/369/1 778/368/1 776/370/72 767/371/72
f 767/371/72 776/370/72 774/372/71 769/373/71
f 747/353/4 773/352/4 794/374/78 748/375/78
f 748/375/78 794/374/78 792/355/77 751/354/77
f 775/376/72 768/377/72 770/372/71 771/373/71
f 777/369/1 766/368/1 768/377/72 775/376/72
f 779/367/73 764/366/73 766/368/1 777/369/1
f 781/365/74 762/364/74 764/366/73 779/367/73
f 783/363/2 760/362/2 762/364/74 781/365/74
f 785/361/75 758/378/75 760/362/2 783/363/2
f 787/359/76 756/379/76 758/378/75 785/361/75
f 789/380/5 754/381/5 756/379/76 787/359/76
f 791/354/77 752/355/77 754/381/5 789/380/5
f 793/375/78 749/382/78 752/355/77 791/354/77
f 772/353/4 750/352/4 749/382/78 793/375/78
f 771/350/71 770/351/71 750/352/4 772/353/4
f 744/311/3 742/383/3 777/384/3 775/312/3
f 724/320/6 725/300/6 794/303/6 773/321/6
f 741/385/6 743/304/6 776/307/6 778/386/6
f 734/297/3 732/387/3 787/388/3 785/298/3
f 731/389/6 733/288/6 786/291/6 788/390/6
f 742/383/3 740/391/3 779/392/3 777/384/3
f 739/393/6 741/385/6 778/386/6 780/394/6
f 732/387/3 730/348/3 789/349/3 787/388/3
f 729/318/6 731/389/6 788/390/6 790/319/6
f 740/391/3 738/316/3 781/317/3 779/392/3
f 723/293/3 746/310/3 771/313/3 772/294/3
f 737/314/6 739/393/6 780/394/6 782/315/6
f 805/288/6 807/289/6 856/290/6 858/291/6
f 798/292/3 795/293/3 844/294/3 865/295/3
f 808/296/3 806/297/3 857/298/3 855/299/3
f 797/300/6 799/301/6 864/302/6 866/303/6
f 815/304/6 817/305/6 846/306/6 848/307/6
f 800/308/3 798/292/3 865/295/3 863/309/3
f 818/310/3 816/311/3 847/312/3 843/313/3
f 807/289/6 809/314/6 854/315/6 856/290/6
f 810/316/3 808/296/3 855/299/3 853/317/3
f 799/301/6 801/318/6 862/319/6 864/302/6
f 817/305/6 796/320/6 845/321/6 846/306/6
f 818/322/71 795/323/4 796/324/4 817/325/71
f 816/326/72 818/327/71 817/328/71 815/329/72
f 814/330/1 816/326/72 815/329/72 813/331/1
f 812/332/73 814/330/1 813/331/1 811/333/73
f 810/334/74 812/332/73 811/333/73 809/335/74
f 808/336/2 810/334/74 809/335/74 807/337/2
f 806/338/75 808/336/2 807/337/2 805/339/75
f 804/340/76 806/338/75 805/339/75 803/341/76
f 802/342/5 804/340/76 803/341/76 801/343/5
f 800/344/77 802/342/5 801/343/5 799/345/77
f 798/346/78 800/344/77 799/345/77 797/347/78
f 795/323/4 798/346/78 797/347/78 796/324/4
f 802/348/3 800/308/3 863/309/3 861/349/3
f 841/350/71 846/351/71 845/352/4 819/353/4
f 823/354/77 864/355/77 862/356/5 825/357/5
f 825/357/5 862/356/5 860/358/76 827/359/76
f 827/359/76 860/358/76 858/360/75 829/361/75
f 829/361/75 858/360/75 856/362/2 831/363/2
f 831/363/2 856/362/2 854/364/74 833/365/74
f 833/365/74 854/364/74 852/366/73 835/367/73
f 835/367/73 852/366/73 850/368/1 837/369/1
f 837/369/1 850/368/1 848/370/72 839/371/72
f 839/371/72 848/370/72 846/372/71 841/373/71
f 819/353/4 845/352/4 866/374/78 820/375/78
f 820/375/78 866/374/78 864/355/77 823/354/77
f 847/376/72 840/377/72 842/372/71 843/373/71
f 849/369/1 838/368/1 840/377/72 847/376/72
f 851/367/73 836/366/73 838/368/1 849/369/1
f 853/365/74 834/364/74 836/366/73 851/367/73
f 855/363/2 832/362/2 834/364/74 853/365/74
f 857/361/75 830/378/75 832/362/2 855/363/2
f 859/359/76 828/379/76 830/378/75 857/361/75
f 861/380/5 826/381/5 828/379/76 859/359/76
f 863/354/77 824/355/77 826/381/5 861/380/5
f 865/375/78 821/382/78 824/355/77 863/354/77
f 844/353/4 822/352/4 821/382/78 865/375/78
f 843/350/71 842/351/71 822/352/4 844/353/4
f 816/311/3 814/383/3 849/384/3 847/312/3
f 796/320/6 797/300/6 866/303/6 845/321/6
f 813/385/6 815/304/6 848/307/6 850/386/6
f 806/297/3 804/387/3 859/388/3 857/298/3
f 803/389/6 805/288/6 858/291/6 860/390/6
f 814/383/3 812/391/3 851/392/3 849/384/3
f 811/393/6 813/385/6 850/386/6 852/394/6
f 804/387/3 802/348/3 861/349/3 859/388/3
f 801/318/6 803/389/6 860/390/6 862/319/6
f 812/391/3 810/316/3 853/317/3 851/392/3
f 795/293/3 818/310/3 843/313/3 844/294/3
f 809/314/6 811/393/6 852/394/6 854/315/6
f 877/288/6 879/289/6 928/290/6 930/291/6
f 870/292/3 867/293/3 916/294/3 937/295/3
f 880/296/3 878/297/3 929/298/3 927/299/3
f 869/300/6 871/301/6 936/302/6 938/303/6
f 887/304/6 889/305/6 918/306/6 920/307/6
f 872/308/3 870/292/3 937/295/3 935/309/3
f 890/310/3 888/311/3 919/312/3 915/313/3
f 879/289/6 881/314/6 926/315/6 928/290/6
f 882/316/3 880/296/3 927/299/3 925/317/3
f 871/301/6 873/318/6 934/319/6 936/302/6
f 889/305/6 868/320/6 917/321/6 918/306/6
f 890/322/71 867/323/4 868/324/4 889/325/71
f 888/326/72 890/327/71 889/328/71 887/329/72
f 886/330/1 888/326/72 887/329/72 885/331/1
f 884/332/73 886/330/1 885/331/1 883/333/73
f 882/334/74 884/332/73 883/333/73 881/335/74
f 880/336/2 882/334/74 881/335/74 879/337/2
f 878/338/75 880/336/2 879/337/2 877/339/75
f 876/340/76 878/338/75 877/339/75 875/341/76
f 874/342/5 876/340/76 875/341/76 873/343/5
f 872/344/77 874/342/5 873/343/5 871/345/77
f 870/346/78 872/344/77 871/345/77 869/347/78
f 867/323/4 870/346/78 869/347/78 868/324/4
f 874/348/3 872/308/3 935/309/3 933/349/3
f 913/350/71 918/351/71 917/352/4 891/353/4
f 895/354/77 936/355/77 934/356/5 897/357/5
f 897/357/5 934/356/5 932/358/76 899/359/76
f 899/359/76 932/358/76 930/360/75 901/361/75
f 901/361/75 930/360/75 928/362/2 903/363/2
f 903/363/2 928/362/2 926/364/74 905/365/74
f 905/365/74 926/364/74 924/366/73 907/367/73
f 907/367/73 924/366/73 922/368/1 909/369/1
f 909/369/1 922/368/1 920/370/72 911/371/72
f 911/371/72 920/370/72 918/372/71 913/373/71
f 891/353/4 917/352/4 938/374/78 892/375/78
f 892/375/78 938/374/78 936/355/77 895/354/77
f 919/376/72 912/377/72 914/372/71 915/373/71
f 921/369/1 910/368/1 912/377/72 919/376/72
f 923/367/73 908/366/73 910/368/1 921/369/1
f 925/365/74 906/364/74 908/366/73 923/367/73
f 927/363/2 904/362/2 906/364/74 925/365/74
f 929/361/75 902/378/75 904/362/2 927/363/2
f 931/359/76 900/379/76 902/378/75 929/361/75
f 933/380/5 898/381/5 900/379/76 931/359/76
f 935/354/77 896/355/77 898/381/5 933/380/5
f 937/375/78 893/382/78 896/355/77 935/354/77
f 916/353/4 894/352/4 893/382/78 937/375/78
f 915/350/71 914/351/71 894/352/4 916/353/4
f 888/311/3 886/383/3 921/384/3 919/312/3
f 868/320/6 869/300/6 938/303/6 917/321/6
f 885/385/6 887/304/6 920/307/6 922/386/6
f 878/297/3 876/387/3 931/388/3 929/298/3
f 875/389/6 877/288/6 930/291/6 932/390/6
f 886/383/3 884/391/3 923/392/3 921/384/3
f 883/393/6 885/385/6 922/386/6 924/394/6
f 876/387/3 874/348/3 933/349/3 931/388/3
f 873/318/6 875/389/6 932/390/6 934/319/6
f 884/391/3 882/316/3 925/317/3 923/392/3
f 867/293/3 890/310/3 915/313/3 916/294/3
f 881/314/6 883/393/6 924/394/6 926/315/6
f 949/288/6 951/289/6 1000/290/6 1002/291/6
f 942/292/3 939/293/3 988/294/3 1009/295/3
f 952/296/3 950/297/3 1001/298/3 999/299/3
f 941/300/6 943/301/6 1008/302/6 1010/303/6
f 959/304/6 961/305/6 990/306/6 992/307/6
f 944/308/3 942/292/3 1009/295/3 1007/309/3
f 962/310/3 960/311/3 991/312/3 987/313/3
f 951/289/6 953/314/6 998/315/6 1000/290/6
f 954/316/3 952/296/3 999/299/3 997/317/3
f 943/301/6 945/318/6 1006/319/6 1008/302/6
f 961/305/6 940/320/6 989/321/6 990/306/6
f 962/322/71 939/323/4 940/324/4 961/325/71
f 960/326/72 962/327/71 961/328/71 959/329/72
f 958/330/1 960/326/72 959/329/72 957/331/1
f 956/332/73 958/330/1 957/331/1 955/333/73
f 954/334/74 956/332/73 955/333/73 953/335/74
f 952/336/2 954/334/74 953/335/74 951/337/2
f 950/338/75 952/336/2 951/337/2 949/339/75
f 948/340/76 950/338/75 949/339/75 947/341/76
f 946/342/5 948/340/76 947/341/76 945/343/5
f 944/344/77 946/342/5 945/343/5 943/345/77
f 942/346/78 944/344/77 943/345/77 941/347/78
f 939/323/4 942/346/78 941/347/78 940/324/4
f 946/348/3 944/308/3 1007/309/3 1005/349/3
f 985/350/71 990/351/71 989/352/4 963/353/4
f 967/354/77 1008/355/77 1006/356/5 969/357/5
f 969/357/5 1006/356/5 1004/358/76 971/359/76
f 971/359/76 1004/358/76 1002/360/75 973/361/75
f 973/361/75 1002/360/75 1000/362/2 975/363/2
f 975/363/2 1000/362/2 998/364/74 977/365/74
f 977/365/74 998/364/74 996/366/73 979/367/73
f 979/367/73 996/366/73 994/368/1 981/369/1
f 981/369/1 994/368/1 992/370/72 983/371/72
f 983/371/72 992/370/72 990/372/71 985/373/71
f 963/353/4 989/352/4 1010/374/78 964/375/78
f 964/375/78 1010/374/78 1008/355/77 967/354/77
f 991/376/72 984/377/72 986/372/71 987/373/71
f 993/369/1 982/368/1 984/377/72 991/376/72
f 995/367/73 980/366/73 982/368/1 993/369/1
f 997/365/74 978/364/74 980/366/73 995/367/73
f 999/363/2 976/362/2 978/364/74 997/365/74
f 1001/361/75 974/378/75 976/362/2 999/363/2
f 1003/359/76 972/379/76 974/378/75 1001/361/75
f 1005/380/5 970/381/5 972/379/76 1003/359/76
f 1007/354/77 968/355/77 970/381/5 1005/380/5
f 1009/375/78 965/382/78 968/355/77 1007/354/77
f 988/353/4 966/352/4 965/382/78 1009/375/78
f 987/350/71 986/351/71 966/352/4 988/353/4
f 960/311/3 958/383/3 993/384/3 991/312/3
f 940/320/6 941/300/6 1010/303/6 989/321/6
f 957/385/6 959/304/6 992/307/6 994/386/6
f 950/297/3 948/387/3 1003/388/3 1001/298/3
f 947/389/6 949/288/6 1002/291/6 1004/390/6
f 958/383/3 956/391/3 995/392/3 993/384/3
f 955/393/6 957/385/6 994/386/6 996/394/6
f 948/387/3 946/348/3 1005/349/3 1003/388/3
f 945/318/6 947/389/6 1004/390/6 1006/319/6
f 956/391/3 954/316/3 997/317/3 995/392/3
f 939/293/3 962/310/3 987/313/3 988/294/3
f 953/314/6 955/393/6 996/394/6 998/315/6
f 1021/288/6 1023/289/6 1072/290/6 1074/291/6
f 1014/292/3 1011/293/3 1060/294/3 1081/295/3
f 1024/296/3 1022/297/3 1073/298/3 1071/299/3
f 1013/300/6 1015/301/6 1080/302/6 1082/303/6
f 1031/304/6 1033/305/6 1062/306/6 1064/307/6
f 1016/308/3 1014/292/3 1081/295/3 1079/309/3
f 1034/310/3 1032/311/3 1063/312/3 1059/313/3
f 1023/289/6 1025/314/6 1070/315/6 1072/290/6
f 1026/316/3 1024/296/3 1071/299/3 1069/317/3
f 1015/301/6 1017/318/6 1078/319/6 1080/302/6
f 1033/305/6 1012/320/6 1061/321/6 1062/306/6
f 1034/322/71 1011/323/4 1012/324/4 1033/325/71
f 1032/326/72 1034/327/71 1033/328/71 1031/329/72
f 1030/330/1 1032/326/72 1031/329/72 1029/331/1
f 1028/332/73 1030/330/1 1029/331/1 1027/333/73
f 1026/334/74 1028/332/73 1027/333/73 1025/335/74
f 1024/336/2 1026/334/74 1025/335/74 1023/337/2
f 1022/338/75 1024/336/2 1023/337/2 1021/339/75
f 1020/340/76 1022/338/75 1021/339/75 1019/341/76
f 1018/342/5 1020/340/76 1019/341/76 1017/343/5
f 1016/344/77 1018/342/5 1017/343/5 1015/345/77
f 1014/346/78 1016/344/77 1015/345/77 1013/347/78
f 1011/323/4 1014/346/78 1013/347/78 1012/324/4
f 1018/348/3 1016/308/3 1079/309/3 1077/349/3
f 1057/350/71 1062/351/71 1061/352/4 1035/353/4
f 1039/354/77 1080/355/77 1078/356/5 1041/357/5
f 1041/357/5 1078/356/5 1076/358/76 1043/359/76
f 1043/359/76 1076/358/76 1074/360/75 1045/361/75
f 1045/361/75 1074/360/75 1072/362/2 1047/363/2
f 1047/363/2 1072/362/2 1070/364/74 1049/365/74
f 1049/365/74 1070/364/74 1068/366/73 1051/367/73
f 1051/367/73 1068/366/73 1066/368/1 1053/369/1
f 1053/369/1 1066/368/1 1064/370/72 1055/371/72
f 1055/371/72 1064/370/72 1062/372/71 1057/373/71
f 1035/353/4 1061/352/4 1082/374/78 1036/375/78
f 1036/375/78 1082/374/78 1080/355/77 1039/354/77
f 1063/376/72 1056/377/72 1058/372/71 1059/373/71
f 1065/369/1 1054/368/1 1056/377/72 1063/376/72
f 1067/367/73 1052/366/73 1054/368/1 1065/369/1
f 1069/365/74 1050/364/74 1052/366/73 1067/367/73
f 1071/363/2 1048/362/2 1050/364/74 1069/365/74
f 1073/361/75 1046/378/75 1048/362/2 1071/363/2
f 1075/359/76 1044/379/76 1046/378/75 1073/361/75
f 1077/380/5 1042/381/5 1044/379/76 1075/359/76
f 1079/354/77 1040/355/77 1042/381/5 1077/380/5
f 1081/375/78 1037/382/78 1040/355/77 1079/354/77
f 1060/353/4 1038/352/4 1037/382/78 1081/375/78
f 1059/350/71 1058/351/71 1038/352/4 1060/353/4
f 1032/311/3 1030/383/3 1065/384/3 1063/312/3
f 1012/320/6 1013/300/6 1082/303/6 1061/321/6
f 1029/385/6 1031/304/6 1064/307/6 1066/386/6
f 1022/297/3 1020/387/3 1075/388/3 1073/298/3
f 1019/389/6 1021/288/6 1074/291/6 1076/390/6
f 1030/383/3 1028/391/3 1067/392/3 1065/384/3
f 1027/393/6 1029/385/6 1066/386/6 1068/394/6
f 1020/387/3 1018/348/3 1077/349/3 1075/388/3
f 1017/318/6 1019/389/6 1076/390/6 1078/319/6
f 1028/391/3 1026/316/3 1069/317/3 1067/392/3
f 1011/293/3 1034/310/3 1059/313/3 1060/294/3
f 1025/314/6 1027/393/6 1068/394/6 1070/315/6
f 1093/288/6 1095/289/6 1144/290/6 1146/291/6
f 1086/292/3 1083/293/3 1132/294/3 1153/295/3
f 1096/296/3 1094/297/3 1145/298/3 1143/299/3
f 1085/300/6 1087/301/6 1152/302/6 1154/303/6
f 1103/304/6 1105/305/6 1134/306/6 1136/307/6
f 1088/308/3 1086/292/3 1153/295/3 1151/309/3
f 1106/310/3 1104/311/3 1135/312/3 1131/313/3
f 1095/289/6 1097/314/6 1142/315/6 1144/290/6
f 1098/316/3 1096/296/3 1143/299/3 1141/317/3
f 1087/301/6 1089/318/6 1150/319/6 1152/302/6
f 1105/305/6 1084/320/6 1133/321/6 1134/306/6
f 1106/322/71 1083/323/4 1084/324/4 1105/325/71
f 1104/326/72 1106/327/71 1105/328/71 1103/329/72
f 1102/330/1 1104/326/72 1103/329/72 1101/331/1
f 1100/332/73 1102/330/1 1101/331/1 1099/333/73
f 1098/334/74 1100/332/73 1099/333/73 1097/335/74
f 1096/336/2 1098/334/74 1097/335/74 1095/337/2
f 1094/338/75 1096/336/2 1095/337/2 1093/339/75
f 1092/340/76 1094/338/75 1093/339/75 1091/341/76
f 1090/342/5 1092/340/76 1091/341/76 1089/343/5
f 1088/344/77 1090/342/5 1089/343/5 1087/345/77
f 1086/346/78 1088/344/77 1087/345/77 1085/347/78
f 1083/323/4 1086/346/78 1085/347/78 1084/324/4
f 1090/348/3 1088/308/3 1151/309/3 1149/349/3
f 1129/350/71 1134/351/71 1133/352/4 1107/353/4
f 1111/354/77 1152/355/77 1150/356/5 1113/357/5
f 1113/357/5 1150/356/5 1148/358/76 1115/359/76
f 1115/359/76 1148/358/76 1146/360/75 1117/361/75
f 1117/361/75 1146/360/75 1144/362/2 1119/363/2
f 1119/363/2 1144/362/2 1142/364/74 1121/365/74
f 1121/365/74 1142/364/74 1140/366/73 1123/367/73
f 1123/367/73 1140/366/73 1138/368/1 1125/369/1
f 1125/369/1 1138/368/1 1136/370/72 1127/371/72
f 1127/371/72 1136/370/72 1134/372/71 1129/373/71
f 1107/353/4 1133/352/4 1154/374/78 1108/375/78
f 1108/375/78 1154/374/78 1152/355/77 1111/354/77
f 1135/376/72 1128/377/72 1130/372/71 1131/373/71
f 1137/369/1 1126/368/1 1128/377/72 1135/376/72
f 1139/367/73 1124/366/73 1126/368/1 1137/369/1
f 1141/365/74 1122/364/74 1124/366/73 1139/367/73
f 1143/363/2 1120/362/2 1122/364/74 1141/365/74
f 1145/361/75 1118/378/75 1120/362/2 1143/363/2
f 1147/359/76 1116/379/76 1118/378/75 1145/361/75
f 1149/380/5 1114/381/5 1116/379/76 1147/359/76
f 1151/354/77 1112/355/77 1114/381/5 1149/380/5
f 1153/375/78 1109/382/78 1112/355/77 1151/354/77
f 1132/353/4 1110/352/4 1109/382/78 1153/375/78
f 1131/350/71 1130/351/71 1110/352/4 1132/353/4
f 1104/311/3 1102/383/3 1137/384/3 1135/312/3
f 1084/320/6 1085/300/6 1154/303/6 1133/321/6
f 1101/385/6 1103/304/6 1136/307/6 1138/386/6
f 1094/297/3 1092/387/3 1147/388/3 1145/298/3
f 1091/389/6 1093/288/6 1146/291/6 1148/390/6
f 1102/383/3 1100/391/3 1139/392/3 1137/384/3
f 1099/393/6 1101/385/6 1138/386/6 1140/394/6
f 1092/387/3 1090/348/3 1149/349/3 1147/388/3
f 1089/318/6 1091/389/6 1148/390/6 1150/319/6
f 1100/391/3 1098/316/3 1141/317/3 1139/392/3
f 1083/293/3 1106/310/3 1131/313/3 1132/294/3
f 1097/314/6 1099/393/6 1140/394/6 1142/315/6
f 1165/288/6 1218/291/6 1216/290/6 1167/289/6
f 1158/292/3 1225/295/3 1204/294/3 1155/293/3
f 1168/296/3 1215/299/3 1217/298/3 1166/297/3
f 1157/300/6 1226/303/6 1224/302/6 1159/301/6
f 1175/304/6 1208/307/6 1206/306/6 1177/305/6
f 1160/308/3 1223/309/3 1225/295/3 1158/292/3
f 1178/310/3 1203/313/3 1207/312/3 1176/311/3
f 1167/289/6 1216/290/6 1214/315/6 1169/314/6
f 1170/316/3 1213/317/3 1215/299/3 1168/296/3
f 1159/301/6 1224/302/6 1222/319/6 1161/318/6
f 1177/305/6 1206/306/6 1205/321/6 1156/320/6
f 1178/322/74 1177/325/74 1156/324/2 1155/323/2
f 1176/326/73 1175/329/73 1177/328/74 1178/327/74
f 1174/330/1 1173/331/1 1175/329/73 1176/326/73
f 1172/332/72 1171/333/72 1173/331/1 1174/330/1
f 1170/334/71 1169/335/71 1171/333/72 1172/332/72
f 1168/336/4 1167/337/4 1169/335/71 1170/334/71
f 1166/338/78 1165/339/78 1167/337/4 1168/336/4
f 1164/340/77 1163/341/77 1165/339/78 1166/338/78
f 1162/342/5 1161/343/5 1163/341/77 1164/340/77
f 1160/344/76 1159/345/76 1161/343/5 1162/342/5
f 1158/346/75 1157/347/75 1159/345/76 1160/344/76
f 1155/323/2 1156/324/2 1157/347/75 1158/346/75
f 1162/348/3 1221/349/3 1223/309/3 1160/308/3
f 1201/350/74 1179/353/2 1205/352/2 1206/351/74
f 1183/354/76 1185/357/5 1222/356/5 1224/355/76
f 1185/357/5 1187/359/77 1220/358/77 1222/356/5
f 1187/359/77 1189/361/78 1218/360/78 1220/358/77
f 1189/361/78 1191/363/4 1216/362/4 1218/360/78
f 1191/363/4 1193/365/71 1214/364/71 1216/362/4
f 1193/365/71 1195/367/72 1212/366/72 1214/364/71
f 1195/367/72 1197/369/1 1210/368/1 1212/366/72
f 1197/369/1 1199/371/73 1208/370/73 1210/368/1
f 1199/371/73 1201/373/74 1206/372/74 1208/370/73
f 1179/353/2 1180/375/75 1226/374/75 1205/352/2
f 1180/375/75 1183/354/76 1224/355/76 1226/374/75
f 1207/376/73 1203/373/74 1202/372/74 1200/377/73
f 1209/369/1 1207/376/73 1200/377/73 1198/368/1
f 1211/367/72 1209/369/1 1198/368/1 1196/366/72
f 1213/365/71 1211/367/72 1196/366/72 1194/364/71
f 1215/363/4 1213/365/71 1194/364/71 1192/362/4
f 1217/361/78 1215/363/4 1192/362/4 1190/378/78
f 1219/359/77 1217/361/78 1190/378/78 1188/379/77
f 1221/380/5 1219/359/77 1188/379/77 1186/381/5
f 1223/354/76 1221/380/5 1186/381/5 1184/355/76
f 1225/375/75 1223/354/76 1184/355/76 1181/382/75
f 1204/353/2 1225/375/75 1181/382/75 1182/352/2
f 1203/350/74 1204/353/2 1182/352/2 1202/351/74
f 1176/311/3 1207/312/3 1209/384/3 1174/383/3
f 1156/320/6 1205/321/6 1226/303/6 1157/300/6
f 1173/385/6 1210/386/6 1208/307/6 1175/304/6
f 1166/297/3 1217/298/3 1219/388/3 1164/387/3
f 1163/389/6 1220/390/6 1218/291/6 1165/288/6
f 1174/383/3 1209/384/3 1211/392/3 1172/391/3
f 1171/393/6 1212/394/6 1210/386/6 1173/385/6
f 1164/387/3 1219/388/3 1221/349/3 1162/348/3
f 1161/318/6 1222/319/6 1220/390/6 1163/389/6
f 1172/391/3 1211/392/3 1213/317/3 1170/316/3
f 1155/293/3 1204/294/3 1203/313/3 1178/310/3
f 1169/314/6 1214/315/6 1212/394/6 1171/393/6
f 1237/288/6 1290/291/6 1288/290/6 1239/289/6
f 1230/292/3 1297/295/3 1276/294/3 1227/293/3
f 1240/296/3 1287/299/3 1289/298/3 1238/297/3
f 1229/300/6 1298/303/6 1296/302/6 1231/301/6
f 1247/304/6 1280/307/6 1278/306/6 1249/305/6
f 1232/308/3 1295/309/3 1297/295/3 1230/292/3
f 1250/310/3 1275/313/3 1279/312/3 1248/311/3
f 1239/289/6 1288/290/6 1286/315/6 1241/314/6
f 1242/316/3 1285/317/3 1287/299/3 1240/296/3
f 1231/301/6 1296/302/6 1294/319/6 1233/318/6
f 1249/305/6 1278/306/6 1277/321/6 1228/320/6
f 1250/322/74 1249/325/74 1228/324/2 1227/323/2
f 1248/326/73 1247/329/73 1249/328/74 1250/327/74
f 1246/330/1 1245/331/1 1247/329/73 1248/326/73
f 1244/332/72 1243/333/72 1245/331/1 1246/330/1
f 1242/334/71 1241/335/71 1243/333/72 1244/332/72
f 1240/336/4 1239/337/4 1241/335/71 1242/334/71
f 1238/338/78 1237/339/78 1239/337/4 1240/336/4
f 1236/340/77 1235/341/77 1237/339/78 1238/338/78
f 1234/342/5 1233/343/5 1235/341/77 1236/340/77
f 1232/344/76 1231/345/76 1233/343/5 1234/342/5
f 1230/346/75 1229/347/75 1231/345/76 1232/344/76
f 1227/323/2 1228/324/2 1229/347/75 1230/346/75
f 1234/348/3 1293/349/3 1295/309/3 1232/308/3
f 1273/350/74 1251/353/2 1277/352/2 1278/351/74
f 1255/354/76 1257/357/5 1294/356/5 1296/355/76
f 1257/357/5 1259/359/77 1292/358/77 1294/356/5
f 1259/359/77 1261/361/78 1290/360/78 1292/358/77
f 1261/361/78 1263/363/4 1288/362/4 1290/360/78
f 1263/363/4 1265/365/71 1286/364/71 1288/362/4
f 1265/365/71 1267/367/72 1284/366/72 1286/364/71
f 1267/367/72 1269/369/1 1282/368/1 1284/366/72
f 1269/369/1 1271/371/73 1280/370/73 1282/368/1
f 1271/371/73 1273/373/74 1278/372/74 1280/370/73
f 1251/353/2 1252/375/75 1298/374/75 1277/352/2
f 1252/375/75 1255/354/76 1296/355/76 1298/374/75
f 1279/376/73 1275/373/74 1274/372/74 1272/377/73
f 1281/369/1 1279/376/73 1272/377/73 1270/368/1
f 1283/367/72 1281/369/1 1270/368/1 1268/366/72
f 1285/365/71 1283/367/72 1268/366/72 1266/364/71
f 1287/363/4 1285/365/71 1266/364/71 1264/362/4
f 1289/361/78 1287/363/4 1264/362/4 1262/378/78
f 1291/359/77 1289/361/78 1262/378/78 1260/379/77
f 1293/380/5 1291/359/77 1260/379/77 1258/381/5
f 1295/354/76 1293/380/5 1258/381/5 1256/355/76
f 1297/375/75 1295/354/76 1256/355/76 1253/382/75
f 1276/353/2 1297/375/75 1253/382/75 1254/352/2
f 1275/350/74 1276/353/2 1254/352/2 1274/351/74
f 1248/311/3 1279/312/3 1281/384/3 1246/383/3
f 1228/320/6 1277/321/6 1298/303/6 1229/300/6
f 1245/385/6 1282/386/6 1280/307/6 1247/304/6
f 1238/297/3 1289/298/3 1291/388/3 1236/387/3
f 1235/389/6 1292/390/6 1290/291/6 1237/288/6
f 1246/383/3 1281/384/3 1283/392/3 1244/391/3
f 1243/393/6 1284/394/6 1282/386/6 1245/385/6
f 1236/387/3 1291/388/3 1293/349/3 1234/348/3
f 1233/318/6 1294/319/6 1292/390/6 1235/389/6
f 1244/391/3 1283/392/3 1285/317/3 1242/316/3
f 1227/293/3 1276/294/3 1275/313/3 1250/310/3
f 1241/314/6 1286/315/6 1284/394/6 1243/393/6
f 1309/288/6 1362/291/6 1360/290/6 1311/289/6
f 1302/292/3 1369/295/3 1348/294/3 1299/293/3
f 1312/296/3 1359/299/3 1361/298/3 1310/297/3
f 1301/300/6 1370/303/6 1368/302/6 1303/301/6
f 1319/304/6 1352/307/6 1350/306/6 1321/305/6
f 1304/308/3 1367/309/3 1369/295/3 1302/292/3
f 1322/310/3 1347/313/3 1351/312/3 1320/311/3
f 1311/289/6 1360/290/6 1358/315/6 1313/314/6
f 1314/316/3 1357/317/3 1359/299/3 1312/296/3
f 1303/301/6 1368/302/6 1366/319/6 1305/318/6
f 1321/305/6 1350/306/6 1349/321/6 1300/320/6
f 1322/322/74 1321/325/74 1300/324/2 1299/323/2
f 1320/326/73 1319/329/73 1321/328/74 1322/327/74
f 1318/330/1 1317/331/1 1319/329/73 1320/326/73
f 1316/332/72 1315/333/72 1317/331/1 1318/330/1
f 1314/334/71 1313/335/71 1315/333/72 1316/332/72
f 1312/336/4 1311/337/4 1313/335/71 1314/334/71
f 1310/338/78 1309/339/78 1311/337/4 1312/336/4
f 1308/340/77 1307/341/77 1309/339/78 1310/338/78
f 1306/342/5 1305/343/5 1307/341/77 1308/340/77
f 1304/344/76 1303/345/76 1305/343/5 1306/342/5
f 1302/346/75 1301/347/75 1303/345/76 1304/344/76
f 1299/323/2 1300/324/2 1301/347/75 1302/346/75
f 1306/348/3 1365/349/3 1367/309/3 1304/308/3
f 1345/350/74 1323/353/2 1349/352/2 1350/351/74
f 1327/354/76 1329/357/5 1366/356/5 1368/355/76
f 1329/357/5 1331/359/77 1364/358/77 1366/356/5
f 1331/359/77 1333/361/78 1362/360/78 1364/358/77
f 1333/361/78 1335/363/4 1360/362/4 1362/360/78
f 1335/363/4 1337/365/71 1358/364/71 1360/362/4
f 1337/365/71 1339/367/72 1356/366/72 1358/364/71
f 1339/367/72 1341/369/1 1354/368/1 1356/366/72
f 1341/369/1 1343/371/73 1352/370/73 1354/368/1
f 1343/371/73 1345/373/74 1350/372/74 1352/370/73
f 1323/353/2 1324/375/75 1370/374/75 1349/352/2
f 1324/375/75 1327/354/76 1368/355/76 1370/374/75
f 1351/376/73 1347/373/74 1346/372/74 1344/377/73
f 1353/369/1 1351/376/73 1344/377/73 1342/368/1
f 1355/367/72 1353/369/1 1342/368/1 1340/366/72
f 1357/365/71 1355/367/72 1340/366/72 1338/364/71
f 1359/363/4 1357/365/71 1338/364/71 1336/362/4
f 1361/361/78 1359/363/4 1336/362/4 1334/378/78
f 1363/359/77 1361/361/78 1334/378/78 1332/379/77
f 1365/380/5 1363/359/77 1332/379/77 1330/381/5
f 1367/354/76 1365/380/5 1330/381/5 1328/355/76
f 1369/375/75 1367/354/76 1328/355/76 1325/382/75
f 1348/353/2 1369/375/75 1325/382/75 1326/352/2
f 1347/350/74 1348/353/2 1326/352/2 1346/351/74
f 1320/311/3 1351/312/3 1353/384/3 1318/383/3
f 1300/320/6 1349/321/6 1370/303/6 1301/300/6
f 1317/385/6 1354/386/6 1352/307/6 1319/304/6
f 1310/297/3 1361/298/3 1363/388/3 1308/387/3
f 1307/389/6 1364/390/6 1362/291/6 1309/288/6
f 1318/383/3 1353/384/3 1355/392/3 1316/391/3
f 1315/393/6 1356/394/6 1354/386/6 1317/385/6
f 1308/387/3 1363/388/3 1365/349/3 1306/348/3
f 1305/318/6 1366/319/6 1364/390/6 1307/389/6
f 1316/391/3 1355/392/3 1357/317/3 1314/316/3
f 1299/293/3 1348/294/3 1347/313/3 1322/310/3
f 1313/314/6 1358/315/6 1356/394/6 1315/393/6
f 1381/288/6 1434/291/6 1432/290/6 1383/289/6
f 1374/292/3 1441/295/3 1420/294/3 1371/293/3
f 1384/296/3 1431/299/3 1433/298/3 1382/297/3
f 1373/300/6 1442/303/6 1440/302/6 1375/301/6
f 1391/304/6 1424/307/6 1422/306/6 1393/305/6
f 1376/308/3 1439/309/3 1441/295/3 1374/292/3
f 1394/310/3 1419/313/3 1423/312/3 1392/311/3
f 1383/289/6 1432/290/6 1430/315/6 1385/314/6
f 1386/316/3 1429/317/3 1431/299/3 1384/296/3
f 1375/301/6 1440/302/6 1438/319/6 1377/318/6
f 1393/305/6 1422/306/6 1421/321/6 1372/320/6
f 1394/322/74 1393/325/74 1372/324/2 1371/323/2
f 1392/326/73 1391/329/73 1393/328/74 1394/327/74
f 1390/330/1 1389/331/1 1391/329/73 1392/326/73
f 1388/332/72 1387/333/72 1389/331/1 1390/330/1
f 1386/334/71 1385/335/71 1387/333/72 1388/332/72
f 1384/336/4 1383/337/4 1385/335/71 1386/334/71
f 1382/338/78 1381/339/78 1383/337/4 1384/336/4
f 1380/340/77 1379/341/77 1381/339/78 1382/338/78
f 1378/342/5 1377/343/5 1379/341/77 1380/340/77
f 1376/344/76 1375/345/76 1377/343/5 1378/342/5
f 1374/346/75 1373/347/75 1375/345/76 1376/344/76
f 1371/323/2 1372/324/2 1373/347/75 1374/346/75
f 1378/348/3 1437/349/3 1439/309/3 1376/308/3
f 1417/350/74 1395/353/2 1421/352/2 1422/351/74
f 1399/354/76 1401/357/5 1438/356/5 1440/355/76
f 1401/357/5 1403/359/77 1436/358/77 1438/356/5
f 1403/359/77 1405/361/78 1434/360/78 1436/358/77
f 1405/361/78 1407/363/4 1432/362/4 1434/360/78
f 1407/363/4 1409/365/71 1430/364/71 1432/362/4
f 1409/365/71 1411/367/72 1428/366/72 1430/364/71
f 1411/367/72 1413/369/1 1426/368/1 1428/366/72
f 1413/369/1 1415/371/73 1424/370/73 1426/368/1
f 1415/371/73 1417/373/74 1422/372/74 1424/370/73
f 1395/353/2 1396/375/75 1442/374/75 1421/352/2
f 1396/375/75 1399/354/76 1440/355/76 1442/374/75
f 1423/376/73 1419/373/74 1418/372/74 1416/377/73
f 1425/369/1 1423/376/73 1416/377/73 1414/368/1
f 1427/367/72 1425/369/1 1414/368/1 1412/366/72
f 1429/365/71 1427/367/72 1412/366/72 1410/364/71
f 1431/363/4 1429/365/71 1410/364/71 1408/362/4
f 1433/361/78 1431/363/4 1408/362/4 1406/378/78
f 1435/359/77 1433/361/78 1406/378/78 1404/379/77
f 1437/380/5 1435/359/77 1404/379/77 1402/381/5
f 1439/354/76 1437/380/5 1402/381/5 1400/355/76
f 1441/375/75 1439/354/76 1400/355/76 1397/382/75
f 1420/353/2 1441/375/75 1397/382/75 1398/352/2
f 1419/350/74 1420/353/2 1398/352/2 1418/351/74
f 1392/311/3 1423/312/3 1425/384/3 1390/383/3
f 1372/320/6 1421/321/6 1442/303/6 1373/300/6
f 1389/385/6 1426/386/6 1424/307/6 1391/304/6
f 1382/297/3 1433/298/3 1435/388/3 1380/387/3
f 1379/389/6 1436/390/6 1434/291/6 1381/288/6
f 1390/383/3 1425/384/3 1427/392/3 1388/391/3
f 1387/393/6 1428/394/6 1426/386/6 1389/385/6
f 1380/387/3 1435/388/3 1437/349/3 1378/348/3
f 1377/318/6 1438/319/6 1436/390/6 1379/389/6
f 1388/391/3 1427/392/3 1429/317/3 1386/316/3
f 1371/293/3 1420/294/3 1419/313/3 1394/310/3
f 1385/314/6 1430/315/6 1428/394/6 1387/393/6
f 1453/288/6 1506/291/6 1504/290/6 1455/289/6
f 1446/292/3 1513/295/3 1492/294/3 1443/293/3
f 1456/296/3 1503/299/3 1505/298/3 1454/297/3
f 1445/300/6 1514/303/6 1512/302/6 1447/301/6
f 1463/304/6 1496/307/6 1494/306/6 1465/305/6
f 1448/308/3 1511/309/3 1513/295/3 1446/292/3
f 1466/310/3 1491/313/3 1495/312/3 1464/311/3
f 1455/289/6 1504/290/6 1502/315/6 1457/314/6
f 1458/316/3 1501/317/3 1503/299/3 1456/296/3
f 1447/301/6 1512/302/6 1510/319/6 1449/318/6
f 1465/305/6 1494/306/6 1493/321/6 1444/320/6
f 1466/322/74 1465/325/74 1444/324/2 1443/323/2
f 1464/326/73 1463/329/73 1465/328/74 1466/327/74
f 1462/330/1 1461/331/1 1463/329/73 1464/326/73
f 1460/332/72 1459/333/72 1461/331/1 1462/330/1
f 1458/334/71 1457/335/71 1459/333/72 1460/332/72
f 1456/336/4 1455/337/4 1457/335/71 1458/334/71
f 1454/338/78 1453/339/78 1455/337/4 1456/336/4
f 1452/340/77 1451/341/77 1453/339/78 1454/338/78
f 1450/342/5 1449/343/5 1451/341/77 1452/340/77
f 1448/344/76 1447/345/76 1449/343/5 1450/342/5
f 1446/346/75 1445/347/75 1447/345/76 1448/344/76
f 1443/323/2 1444/324/2 1445/347/75 1446/346/75
f 1450/348/3 1509/349/3 1511/309/3 1448/308/3
f 1489/350/74 1467/353/2 1493/352/2 1494/351/74
f 1471/354/76 1473/357/5 1510/356/5 1512/355/76
f 1473/357/5 1475/359/77 1508/358/77 1510/356/5
f 1475/359/77 1477/361/78 1506/360/78 1508/358/77
f 1477/361/78 1479/363/4 1504/362/4 1506/360/78
f 1479/363/4 1481/365/71 1502/364/71 1504/362/4
f 1481/365/71 1483/367/72 1500/366/72 1502/364/71
f 1483/367/72 1485/369/1 1498/368/1 1500/366/72
f 1485/369/1 1487/371/73 1496/370/73 1498/368/1
f 1487/371/73 1489/373/74 1494/372/74 1496/370/73
f 1467/353/2 1468/375/75 1514/374/75 1493/352/2
f 1468/375/75 1471/354/76 1512/355/76 1514/374/75
f 1495/376/73 1491/373/74 1490/372/74 1488/377/73
f 1497/369/1 1495/376/73 1488/377/73 1486/368/1
f 1499/367/72 1497/369/1 1486/368/1 1484/366/72
f 1501/365/71 1499/367/72 1484/366/72 1482/364/71
f 1503/363/4 1501/365/71 1482/364/71 1480/362/4
f 1505/361/78 1503/363/4 1480/362/4 1478/378/78
f 1507/359/77 1505/361/78 1478/378/78 1476/379/77
f 1509/380/5 1507/359/77 1476/379/77 1474/381/5
f 1511/354/76 1509/380/5 1474/381/5 1472/355/76
f 1513/375/75 1511/354/76 1472/355/76 1469/382/75
f 1492/353/2 1513/375/75 1469/382/75 1470/352/2
f 1491/350/74 1492/353/2 1470/352/2 1490/351/74
f 1464/311/3 1495/312/3 1497/384/3 1462/383/3
f 1444/320/6 1493/321/6 1514/303/6 1445/300/6
f 1461/385/6 1498/386/6 1496/307/6 1463/304/6
f 1454/297/3 1505/298/3 1507/388/3 1452/387/3
f 1451/389/6 1508/390/6 1506/291/6 1453/288/6
f 1462/383/3 1497/384/3 1499/392/3 1460/391/3
f 1459/393/6 1500/394/6 1498/386/6 1461/385/6
f 1452/387/3 1507/388/3 1509/349/3 1450/348/3
f 1449/318/6 1510/319/6 1508/390/6 1451/389/6
f 1460/391/3 1499/392/3 1501/317/3 1458/316/3
f 1443/293/3 1492/294/3 1491/313/3 1466/310/3
f 1457/314/6 1502/315/6 1500/394/6 1459/393/6
f 1525/288/6 1578/291/6 1576/290/6 1527/289/6
f 1518/292/3 1585/295/3 1564/294/3 1515/293/3
f 1528/296/3 1575/299/3 1577/298/3 1526/297/3
f 1517/300/6 1586/303/6 1584/302/6 1519/301/6
f 1535/304/6 1568/307/6 1566/306/6 1537/305/6
f 1520/308/3 1583/309/3 1585/295/3 1518/292/3
f 1538/310/3 1563/313/3 1567/312/3 1536/311/3
f 1527/289/6 1576/290/6 1574/315/6 1529/314/6
f 1530/316/3 1573/317/3 1575/299/3 1528/296/3
f 1519/301/6 1584/302/6 1582/319/6 1521/318/6
f 1537/305/6 1566/306/6 1565/321/6 1516/320/6
f 1538/322/74 1537/325/74 1516/324/2 1515/323/2
f 1536/326/73 1535/329/73 1537/328/74 1538/327/74
f 1534/330/1 1533/331/1 1535/329/73 1536/326/73
f 1532/332/72 1531/333/72 1533/331/1 1534/330/1
f 1530/334/71 1529/335/71 1531/333/72 1532/332/72
f 1528/336/4 1527/337/4 1529/335/71 1530/334/71
f 1526/338/78 1525/339/78 1527/337/4 1528/336/4
f 1524/340/77 1523/341/77 1525/339/78 1526/338/78
f 1522/342/5 1521/343/5 1523/341/77 1524/340/77
f 1520/344/76 1519/345/76 1521/343/5 1522/342/5
f 1518/346/75 1517/347/75 1519/345/76 1520/344/76
f 1515/323/2 1516/324/2 1517/347/75 1518/346/75
f 1522/348/3 1581/349/3 1583/309/3 1520/308/3
f 1561/350/74 1539/353/2 1565/352/2 1566/351/74
f 1543/354/76 1545/357/5 1582/356/5 1584/355/76
f 1545/357/5 1547/359/77 1580/358/77 1582/356/5
f 1547/359/77 1549/361/78 1578/360/78 1580/358/77
f 1549/361/78 1551/363/4 1576/362/4 1578/360/78
f 1551/363/4 1553/365/71 1574/364/71 1576/362/4
f 1553/365/71 1555/367/72 1572/366/72 1574/364/71
f 1555/367/72 1557/369/1 1570/368/1 1572/366/72
f 1557/369/1 1559/371/73 1568/370/73 1570/368/1
f 1559/371/73 1561/373/74 1566/372/74 1568/370/73
f 1539/353/2 1540/375/75 1586/374/75 1565/352/2
f 1540/375/75 1543/354/76 1584/355/76 1586/374/75
f 1567/376/73 1563/373/74 1562/372/74 1560/377/73
f 1569/369/1 1567/376/73 1560/377/73 1558/368/1
f 1571/367/72 1569/369/1 1558/368/1 1556/366/72
f 1573/365/71 1571/367/72 1556/366/72 1554/364/71
f 1575/363/4 1573/365/71 1554/364/71 1552/362/4
f 1577/361/78 1575/363/4 1552/362/4 1550/378/78
f 1579/359/77 1577/361/78 1550/378/78 1548/379/77
f 1581/380/5 1579/359/77 1548/379/77 1546/381/5
f 1583/354/76 1581/380/5 1546/381/5 1544/355/76
f 1585/375/75 1583/354/76 1544/355/76 1541/382/75
f 1564/353/2 1585/375/75 1541/382/75 1542/352/2
f 1563/350/74 1564/353/2 1542/352/2 1562/351/74
f 1536/311/3 1567/312/3 1569/384/3 1534/383/3
f 1516/320/6 1565/321/6 1586/303/6 1517/300/6
f 1533/385/6 1570/386/6 1568/307/6 1535/304/6
f 1526/297/3 1577/298/3 1579/388/3 1524/387/3
f 1523/389/6 1580/390/6 1578/291/6 1525/288/6
f 1534/383/3 1569/384/3 1571/392/3 1532/391/3
f 1531/393/6 1572/394/6 1570/386/6 1533/385/6
f 1524/387/3 1579/388/3 1581/349/3 1522/348/3
f 1521/318/6 1582/319/6 1580/390/6 1523/389/6
f 1532/391/3 1571/392/3 1573/317/3 1530/316/3
f 1515/293/3 1564/294/3 1563/313/3 1538/310/3
f 1529/314/6 1574/315/6 1572/394/6 1531/393/6
o Cube.001
v 5.401214 0.000000 4.026536
v 0.619401 0.000000 4.026536
v 3.010307 0.000000 4.026536
v 6.020615 0.000000 0.000000
v 6.020615 0.000000 3.503060
v 3.629708 0.000000 4.026536
v 0.000000 0.000000 4.026536
v 2.390906 0.000000 4.026536
v 3.629708 0.000000 3.723326
v 5.401214 0.000000 3.723326
v 0.619401 0.000000 3.723326
v 2.390906 0.000000 3.723326
v 1.129321 0.000000 3.723326
v 1.880986 0.000000 3.723326
v 4.891294 0.000000 3.723326
v 4.139628 0.000000 3.723326
v 4.139628 0.000000 3.767174
v 4.891294 0.000000 3.767174
v 1.129321 0.000000 3.767174
v 1.880986 0.000000 3.767174
v 6.020615 0.000000 2.536743
v 6.020615 0.000000 4.026536
v 6.020615 0.000000 2.013268
v 6.071453 0.000000 3.503060
v 6.071453 0.000000 2.536743
v -5.401214 0.000000 4.026536
v -0.619401 0.000000 4.026536
v -3.010307 0.000000 4.026536
v -6.020615 0.000000 0.000000
v -6.020615 0.000000 3.503060
v -3.629708 0.000000 4.026536
v -2.390906 0.000000 4.026536
v -3.629708 0.000000 3.723326
v -5.401214 0.000000 3.723326
v -0.619401 0.000000 3.723326
v -2.390906 0.000000 3.723326
v -1.129321 0.000000 3.723326
v -1.880986 0.000000 3.723326
v -4.891294 0.000000 3.723326
v -4.139628 0.000000 3.723326
v -4.139628 0.000000 3.767174
v -4.891294 0.000000 3.767174
v -1.129321 0.000000 3.767174
v -1.880986 0.000000 3.767174
v -6.020615 0.000000 2.536743
v -6.020615 0.000000 4.026536
v -6.020615 0.000000 2.013268
v -6.071453 0.000000 3.503060
v -6.071453 0.000000 2.536743
v 5.401214 0.000000 -4.026536
v 0.619401 0.000000 -4.026536
v 3.010307 0.000000 -4.026536
v 6.020615 0.000000 -3.503060
v 3.629708 0.000000 -4.026536
v 0.000000 0.000000 -4.026536
v 2.390906 0.000000 -4.026536
v 3.629708 0.000000 -3.723326
v 5.401214 0.000000 -3.723326
v 0.619401 0.000000 -3.723326
v 2.390906 0.000000 -3.723326
v 1.129321 0.000000 -3.723326
v 1.880986 0.000000 -3.723326
v 4.891294 0.000000 -3.723326
v 4.139628 0.000000 -3.723326
v 4.139628 0.000000 -3.767174
v 4.891294 0.000000 -3.767174
v 1.129321 0.000000 -3.767174
v 1.880986 0.000000 -3.767174
v 6.020615 0.000000 -2.536743
v 6.020615 0.000000 -4.026536
v 6.020615 0.000000 -2.013268
v 6.071453 0.000000 -3.503060
v 6.071453 0.000000 -2.536743
v -5.401214 0.000000 -4.026536
v -0.619401 0.000000 -4.026536
v -3.010307 0.000000 -4.026536
v -6.020615 0.000000 -3.503060
v -3.629708 0.000000 -4.026536
v -2.390906 0.000000 -4.026536
v -3.629708 0.000000 -3.723326
v -5.401214 0.000000 -3.723326
v -0.619401 0.000000 -3.723326
v -2.390906 0.000000 -3.723326
v -1.129321 0.000000 -3.723326
v -1.880986 0.000000 -3.723326
v -4.891294 0.000000 -3.723326
v -4.139628 0.000000 -3.723326
v -4.139628 0.000000 -3.767174
v -4.891294 0.000000 -3.767174
v -1.129321 0.000000 -3.767174
v -1.880986 0.000000 -3.767174
v -6.020615 0.000000 -2.536743
v -6.020615 0.000000 -4.026536
v -6.020615 0.000000 -2.013268
v -6.071453 0.000000 -3.503060
v -6.071453 0.000000 -2.536743
v -5.585135 0.000000 4.615746
v -5.403889 0.000000 4.664310
v -5.271208 0.000000 4.796991
v -5.222644 0.000000 4.978236
v -5.271208 0.000000 5.159482
v -5.403889 0.000000 5.292162
v -5.585135 0.000000 5.340727
v -5.766380 0.000000 5.292162
v -5.899061 0.000000 5.159482
v -5.947625 0.000000 4.978236
v -5.899061 0.000000 4.796991
v -5.766380 0.000000 4.664310
v -3.337693 0.000000 4.615746
v -3.156448 0.000000 4.664310
v -3.023767 0.000000 4.796991
v -2.975203 0.000000 4.978236
v -3.023767 0.000000 5.159482
v -3.156448 0.000000 5.292162
v -3.337693 0.000000 5.340727
v -3.518939 0.000000 5.292162
v -3.651619 0.000000 5.159482
v -3.700184 0.000000 4.978236
v -3.651619 0.000000 4.796991
v -3.518939 0.000000 4.664310
v -1.090252 0.000000 4.615746
v -0.909007 0.000000 4.664310
v -0.776326 0.000000 4.796991
v -0.727762 0.000000 4.978236
v -0.776326 0.000000 5.159482
v -0.909007 0.000000 5.292162
v -1.090252 0.000000 5.340727
v -1.271498 0.000000 5.292162
v -1.404179 0.000000 5.159482
v -1.452743 0.000000 4.978236
v -1.404179 0.000000 4.796991
v -1.271498 0.000000 4.664310
v 1.157188 0.000000 4.615746
v 1.338434 0.000000 4.664310
v 1.471115 0.000000 4.796991
v 1.519679 0.000000 4.978236
v 1.471115 0.000000 5.159482
v 1.338434 0.000000 5.292162
v 1.157188 0.000000 5.340727
v 0.975943 0.000000 5.292162
v 0.843262 0.000000 5.159482
v 0.794698 0.000000 4.978236
v 0.843262 0.000000 4.796991
v 0.975943 0.000000 4.664310
v 3.404630 0.000000 4.615746
v 3.585875 0.000000 4.664310
v 3.718556 0.000000 4.796991
v 3.767121 0.000000 4.978236
v 3.718556 0.000000 5.159482
v 3.585875 0.000000 5.292162
v 3.404630 0.000000 5.340727
v 3.223384 0.000000 5.292162
v 3.090703 0.000000 5.159482
v 3.042140 0.000000 4.978236
v 3.090703 0.000000 4.796991
v 3.223384 0.000000 4.664310
v 5.652071 0.000000 4.615746
v 5.833316 0.000000 4.664310
v 5.965997 0.000000 4.796991
v 6.014561 0.000000 4.978236
v 5.965997 0.000000 5.159482
v 5.833316 0.000000 5.292162
v 5.652071 0.000000 5.340727
v 5.470826 0.000000 5.292162
v 5.338145 0.000000 5.159482
v 5.289581 0.000000 4.978236
v 5.338145 0.000000 4.796991
v 5.470826 0.000000 4.664310
v 5.401214 -2.014132 4.026536
v 0.619401 -2.014132 4.026536
v 3.010307 -2.014132 4.026536
v 6.020615 -2.014132 0.000000
v 6.020615 -2.014132 3.503060
v 3.629708 -2.014132 4.026536
v 0.000000 -2.014132 4.026536
v 2.390906 -2.014132 4.026536
v 3.629708 -2.014132 3.723326
v 5.401214 -2.014132 3.723326
v 0.619401 -2.014132 3.723326
v 2.390906 -2.014132 3.723326
v 1.129321 -2.014132 3.723326
v 1.880986 -2.014132 3.723326
v 4.891294 -2.014132 3.723326
v 4.139628 -2.014132 3.723326
v 4.139628 -2.014132 3.767174
v 4.891294 -2.014132 3.767174
v 1.129321 -2.014132 3.767174
v 1.880986 -2.014132 3.767174
v 6.020615 -2.014132 2.536743
v 6.020615 -2.014132 4.026536
v 6.020615 -2.014132 2.013268
v 6.071453 -2.014132 3.503060
v 6.071453 -2.014132 2.536743
v -5.401214 -2.014132 4.026536
v -0.619401 -2.014132 4.026536
v -3.010307 -2.014132 4.026536
v -6.020615 -2.014132 0.000000
v -6.020615 -2.014132 3.503060
v -3.629708 -2.014132 4.026536
v -2.390906 -2.014132 4.026536
v -3.629708 -2.014132 3.723326
v -5.401214 -2.014132 3.723326
v -0.619401 -2.014132 3.723326
v -2.390906 -2.014132 3.723326
v -1.129321 -2.014132 3.723326
v -1.880986 -2.014132 3.723326
v -4.891294 -2.014132 3.723326
v -4.139628 -2.014132 3.723326
v -4.139628 -2.014132 3.767174
v -4.891294 -2.014132 3.767174
v -1.129321 -2.014132 3.767174
v -1.880986 -2.014132 3.767174
v -6.020615 -2.014132 2.536743
v -6.020615 -2.014132 4.026536
v -6.020615 -2.014132 2.013268
v -6.071453 -2.014132 3.503060
v -6.071453 -2.014132 2.536743
v 5.401214 -2.014132 -4.026536
v 0.619401 -2.014132 -4.026536
v 3.010307 -2.014132 -4.026536
v 6.020615 -2.014132 -3.503060
v 3.629708 -2.014132 -4.026536
v 0.000000 -2.014132 -4.026536
v 2.390906 -2.014132 -4.026536
v 3.629708 -2.014132 -3.723326
v 5.401214 -2.014132 -3.723326
v 0.619401 -2.014132 -3.723326
v 2.390906 -2.014132 -3.723326
v 1.129321 -2.014132 -3.723326
v 1.880986 -2.014132 -3.723326
v 4.891294 -2.014132 -3.723326
v 4.139628 -2.014132 -3.723326
v 4.139628 -2.014132 -3.767174
v 4.891294 -2.014132 -3.767174
v 1.129321 -2.014132 -3.767174
v 1.880986 -2.014132 -3.767174
v 6.020615 -2.014132 -2.536743
v 6.020615 -2.014132 -4.026536
v 6.020615 -2.014132 -2.013268
v 6.071453 -2.014132 -3.503060
v 6.071453 -2.014132 -2.536743
v -5.401214 -2.014132 -4.026536
v -0.619401 -2.014132 -4.026536
v -3.010307 -2.014132 -4.026536
v -6.020615 -2.014132 -3.503060
v -3.629708 -2.014132 -4.026536
v -2.390906 -2.014132 -4.026536
v -3.629708 -2.014132 -3.723326
v -5.401214 -2.014132 -3.723326
v -0.619401 -2.014132 -3.723326
v -2.390906 -2.014132 -3.723326
v -1.129321 -2.014132 -3.723326
v -1.880986 -2.014132 -3.723326
v -4.891294 -2.014132 -3.723326
v -4.139628 -2.014132 -3.723326
v -4.139628 -2.014132 -3.767174
v -4.891294 -2.014132 -3.767174
v -1.129321 -2.014132 -3.767174
v -1.880986 -2.014132 -3.767174
v -6.020615 -2.014132 -2.536743
v -6.020615 -2.014132 -4.026536
v -6.020615 -2.014132 -2.013268
v -6.071453 -2.014132 -3.503060
v -6.071453 -2.014132 -2.536743
v -5.585135 -2.014132 4.615746
v -5.403889 -2.014132 4.664310
v -5.271208 -2.014132 4.796991
v -5.222644 -2.014132 4.978236
v -5.271208 -2.014132 5.159482
v -5.403889 -2.014132 5.292162
v -5.585135 -2.014132 5.340727
v -5.766380 -2.014132 5.292162
v -5.899061 -2.014132 5.159482
v -5.947625 -2.014132 4.978236
v -5.899061 -2.014132 4.796991
v -5.766380 -2.014132 4.664310
v -3.337693 -2.014132 4.615746
v -3.156448 -2.014132 4.664310
v -3.023767 -2.014132 4.796991
v -2.975203 -2.014132 4.978236
v -3.023767 -2.014132 5.159482
v -3.156448 -2.014132 5.292162
v -3.337693 -2.014132 5.340727
v -3.518939 -2.014132 5.292162
v -3.651619 -2.014132 5.159482
v -3.700184 -2.014132 4.978236
v -3.651619 -2.014132 4.796991
v -3.518939 -2.014132 4.664310
v -1.090252 -2.014132 4.615746
v -0.909007 -2.014132 4.664310
v -0.776326 -2.014132 4.796991
v -0.727762 -2.014132 4.978236
v -0.776326 -2.014132 5.159482
v -0.909007 -2.014132 5.292162
v -1.090252 -2.014132 5.340727
v -1.271498 -2.014132 5.292162
v -1.404179 -2.014132 5.159482
v -1.452743 -2.014132 4.978236
v -1.404179 -2.014132 4.796991
v -1.271498 -2.014132 4.664310
v 1.157188 -2.014132 4.615746
v 1.338434 -2.014132 4.664310
v 1.471115 -2.014132 4.796991
v 1.519679 -2.014132 4.978236
v 1.471115 -2.014132 5.159482
v 1.338434 -2.014132 5.292162
v 1.157188 -2.014132 5.340727
v 0.975943 -2.014132 5.292162
v 0.843262 -2.014132 5.159482
v 0.794698 -2.014132 4.978236
v 0.843262 -2.014132 4.796991
v 0.975943 -2.014132 4.664310
v 3.404630 -2.014132 4.615746
v 3.585875 -2.014132 4.664310
v 3.718556 -2.014132 4.796991
v 3.767121 -2.014132 4.978236
v 3.718556 -2.014132 5.159482
v 3.585875 -2.014132 5.292162
v 3.404630 -2.014132 5.340727
v 3.223384 -2.014132 5.292162
v 3.090703 -2.014132 5.159482
v 3.042140 -2.014132 4.978236
v 3.090703 -2.014132 4.796991
v 3.223384 -2.014132 4.664310
v 5.652071 -2.014132 4.615746
v 5.833316 -2.014132 4.664310
v 5.965997 -2.014132 4.796991
v 6.014561 -2.014132 4.978236
v 5.965997 -2.014132 5.159482
v 5.833316 -2.014132 5.292162
v 5.652071 -2.014132 5.340727
v 5.470826 -2.014132 5.292162
v 5.338145 -2.014132 5.159482
v 5.289581 -2.014132 4.978236
v 5.338145 -2.014132 4.796991
v 5.470826 -2.014132 4.664310
v -5.585135 0.000000 -5.340727
v -5.403889 0.000000 -5.292162
v -5.271208 0.000000 -5.159482
v -5.222644 0.000000 -4.978236
v -5.271208 0.000000 -4.796991
v -5.403889 0.000000 -4.664310
v -5.585135 0.000000 -4.615746
v -5.766380 0.000000 -4.664310
v -5.899061 0.000000 -4.796991
v -5.947625 0.000000 -4.978236
v -5.899061 0.000000 -5.159482
v -5.766380 0.000000 -5.292162
v -3.337693 0.000000 -5.340727
v -3.156448 0.000000 -5.292162
v -3.023767 0.000000 -5.159482
v -2.975203 0.000000 -4.978236
v -3.023767 0.000000 -4.796991
v -3.156448 0.000000 -4.664310
v -3.337693 0.000000 -4.615746
v -3.518939 0.000000 -4.664310
v -3.651619 0.000000 -4.796991
v -3.700184 0.000000 -4.978236
v -3.651619 0.000000 -5.159482
v -3.518939 0.000000 -5.292162
v -1.090252 0.000000 -5.340727
v -0.909007 0.000000 -5.292162
v -0.776326 0.000000 -5.159482
v -0.727762 0.000000 -4.978236
v -0.776326 0.000000 -4.796991
v -0.909007 0.000000 -4.664310
v -1.090252 0.000000 -4.615746
v -1.271498 0.000000 -4.664310
v -1.404179 0.000000 -4.796991
v -1.452743 0.000000 -4.978236
v -1.404179 0.000000 -5.159482
v -1.271498 0.000000 -5.292162
v 1.157188 0.000000 -5.340727
v 1.338434 0.000000 -5.292162
v 1.471115 0.000000 -5.159482
v 1.519679 0.000000 -4.978236
v 1.471115 0.000000 -4.796991
v 1.338434 0.000000 -4.664310
v 1.157188 0.000000 -4.615746
v 0.975943 0.000000 -4.664310
v 0.843262 0.000000 -4.796991
v 0.794698 0.000000 -4.978236
v 0.843262 0.000000 -5.159482
v 0.975943 0.000000 -5.292162
v 3.404630 0.000000 -5.340727
v 3.585875 0.000000 -5.292162
v 3.718556 0.000000 -5.159482
v 3.767121 0.000000 -4.978236
v 3.718556 0.000000 -4.796991
v 3.585875 0.000000 -4.664310
v 3.404630 0.000000 -4.615746
v 3.223384 0.000000 -4.664310
v 3.090703 0.000000 -4.796991
v 3.042140 0.000000 -4.978236
v 3.090703 0.000000 -5.159482
v 3.223384 0.000000 -5.292162
v 5.652071 0.000000 -5.340727
v 5.833316 0.000000 -5.292162
v 5.965997 0.000000 -5.159482
v 6.014561 0.000000 -4.978236
v 5.965997 0.000000 -4.796991
v 5.833316 0.000000 -4.664310
v 5.652071 0.000000 -4.615746
v 5.470826 0.000000 -4.664310
v 5.338145 0.000000 -4.796991
v 5.289581 0.000000 -4.978236
v 5.338145 0.000000 -5.159482
v 5.470826 0.000000 -5.292162
v -5.585135 -2.014132 -5.340727
v -5.403889 -2.014132 -5.292162
v -5.271208 -2.014132 -5.159482
v -5.222644 -2.014132 -4.978236
v -5.271208 -2.014132 -4.796991
v -5.403889 -2.014132 -4.664310
v -5.585135 -2.014132 -4.615746
v -5.766380 -2.014132 -4.664310
v -5.899061 -2.014132 -4.796991
v -5.947625 -2.014132 -4.978236
v -5.899061 -2.014132 -5.159482
v -5.766380 -2.014132 -5.292162
v -3.337693 -2.014132 -5.340727
v -3.156448 -2.014132 -5.292162
v -3.023767 -2.014132 -5.159482
v -2.975203 -2.014132 -4.978236
v -3.023767 -2.014132 -4.796991
v -3.156448 -2.014132 -4.664310
v -3.337693 -2.014132 -4.615746
v -3.518939 -2.014132 -4.664310
v -3.651619 -2.014132 -4.796991
v -3.700184 -2.014132 -4.978236
v -3.651619 -2.014132 -5.159482
v -3.518939 -2.014132 -5.292162
v -1.090252 -2.014132 -5.340727
v -0.909007 -2.014132 -5.292162
v -0.776326 -2.014132 -5.159482
v -0.727762 -2.014132 -4.978236
v -0.776326 -2.014132 -4.796991
v -0.909007 -2.014132 -4.664310
v -1.090252 -2.014132 -4.615746
v -1.271498 -2.014132 -4.664310
v -1.404179 -2.014132 -4.796991
v -1.452743 -2.014132 -4.978236
v -1.404179 -2.014132 -5.159482
v -1.271498 -2.014132 -5.292162
v 1.157188 -2.014132 -5.340727
v 1.338434 -2.014132 -5.292162
v 1.471115 -2.014132 -5.159482
v 1.519679 -2.014132 -4.978236
v 1.471115 -2.014132 -4.796991
v 1.338434 -2.014132 -4.664310
v 1.157188 -2.014132 -4.615746
v 0.975943 -2.014132 -4.664310
v 0.843262 -2.014132 -4.796991
v 0.794698 -2.014132 -4.978236
v 0.843262 -2.014132 -5.159482
v 0.975943 -2.014132 -5.292162
v 3.404630 -2.014132 -5.340727
v 3.585875 -2.014132 -5.292162
v 3.718556 -2.014132 -5.159482
v 3.767121 -2.014132 -4.978236
v 3.718556 -2.014132 -4.796991
v 3.585875 -2.014132 -4.664310
v 3.404630 -2.014132 -4.615746
v 3.223384 -2.014132 -4.664310
v 3.090703 -2.014132 -4.796991
v 3.042140 -2.014132 -4.978236
v 3.090703 -2.014132 -5.159482
v 3.223384 -2.014132 -5.292162
v 5.652071 -2.014132 -5.340727
v 5.833316 -2.014132 -5.292162
v 5.965997 -2.014132 -5.159482
v 6.014561 -2.014132 -4.978236
v 5.965997 -2.014132 -4.796991
v 5.833316 -2.014132 -4.664310
v 5.652071 -2.014132 -4.615746
v 5.470826 -2.014132 -4.664310
v 5.338145 -2.014132 -4.796991
v 5.289581 -2.014132 -4.978236
v 5.338145 -2.014132 -5.159482
v 5.470826 -2.014132 -5.292162
vn -0.0000 -0.0000 -1.0000
vn -0.5000 -0.0000 -0.8660
vn 0.5000 -0.0000 -0.8660
vn 1.0000 -0.0000 -0.0000
vn -0.8660 -0.0000 0.5000
vn -1.0000 -0.0000 -0.0000
vn 0.8660 -0.0000 0.5000
vn 0.5000 -0.0000 0.8660
vn -0.0000 -0.0000 1.0000
vn 0.8660 -0.0000 -0.5000
vn -0.8660 -0.0000 -0.5000
vn -0.5000 -0.0000 0.8660
vt 0.646483 0.772622
vt 0.595787 0.772622
vt 0.595787 0.636780
vt 0.646483 0.636780
vt 0.224945 0.226753
vt 0.212290 0.226753
vt 0.212290 0.090910
vt 0.224945 0.090910
vt 0.377433 0.226753
vt 0.364778 0.226753
vt 0.364778 0.090910
vt 0.377433 0.090910
vt 0.139168 0.499687
vt 0.103862 0.499687
vt 0.103862 0.363845
vt 0.139168 0.363845
vt 0.110423 0.226753
vt 0.097768 0.226753
vt 0.097768 0.090910
vt 0.110423 0.090910
vt 0.021836 0.363220
vt 0.009181 0.363220
vt 0.009181 0.227378
vt 0.021836 0.227378
vt 0.954126 0.773247
vt 0.995901 0.773247
vt 0.995901 0.909090
vt 0.954126 0.909090
vt 0.100433 0.499687
vt 0.035260 0.499687
vt 0.035260 0.363845
vt 0.100433 0.363845
vt 0.592830 0.773247
vt 0.595787 0.773247
vt 0.595787 0.909090
vt 0.592830 0.909090
vt 0.746057 0.773247
vt 0.787832 0.773247
vt 0.787832 0.909090
vt 0.746057 0.909090
vt 0.352123 0.226753
vt 0.352123 0.090910
vt 0.085113 0.226753
vt 0.085112 0.090910
vt -0.003474 0.363220
vt -0.003474 0.227378
vt 0.339467 0.226753
vt 0.339467 0.090910
vt 0.342986 0.773247
vt 0.345944 0.773247
vt 0.345944 0.909090
vt 0.342986 0.909090
vt 0.072457 0.226753
vt 0.072457 0.090910
vt 0.148389 0.363220
vt 0.135734 0.363220
vt 0.135734 0.227378
vt 0.148389 0.227378
vt 0.058751 0.772622
vt 0.038301 0.772622
vt 0.038301 0.636780
vt 0.058751 0.636780
vt 0.031831 0.499687
vt 0.031831 0.363845
vt 0.093142 0.773247
vt 0.096100 0.773247
vt 0.096100 0.909090
vt 0.093142 0.909090
vt 0.411361 0.499687
vt 0.275577 0.499687
vt 0.275577 0.363845
vt 0.411361 0.363845
vt 0.326812 0.226753
vt 0.326812 0.090910
vt 0.204594 0.772622
vt 0.184144 0.772622
vt 0.184144 0.636780
vt 0.204594 0.636780
vt 0.146796 0.773247
vt 0.149753 0.773247
vt 0.149753 0.909090
vt 0.146796 0.909090
vt 0.059802 0.226753
vt 0.059802 0.090910
vt 0.123078 0.363220
vt 0.123078 0.227378
vt 0.496213 0.773247
vt 0.537989 0.773247
vt 0.537989 0.909090
vt 0.496213 0.909090
vt 0.605249 0.499687
vt 0.592593 0.499687
vt 0.592593 0.363845
vt 0.605249 0.363845
vt 0.454438 0.772622
vt 0.433988 0.772622
vt 0.433988 0.636780
vt 0.454438 0.636780
vt 0.649440 0.772622
vt 0.649440 0.636780
vt 0.704282 0.773247
vt 0.704282 0.909090
vt 0.314157 0.226753
vt 0.314157 0.090910
vt 0.899284 0.772622
vt 0.896327 0.772622
vt 0.896327 0.636780
vt 0.899284 0.636780
vt 0.110423 0.363220
vt 0.110423 0.227378
vt 0.579938 0.499687
vt 0.579938 0.363845
vt 0.308595 0.772622
vt 0.288145 0.772622
vt 0.288145 0.636780
vt 0.308595 0.636780
vt 0.845631 0.772622
vt 0.842674 0.772622
vt 0.842674 0.636780
vt 0.845631 0.636780
vt -0.003474 0.773247
vt 0.038301 0.773247
vt 0.038301 0.909090
vt -0.003474 0.909090
vt 0.301502 0.226753
vt 0.301502 0.090910
vt 0.396639 0.773247
vt 0.399597 0.773247
vt 0.399597 0.909090
vt 0.396639 0.909090
vt 0.204594 0.773247
vt 0.246370 0.773247
vt 0.246370 0.909090
vt 0.204594 0.909090
vt 0.097768 0.363220
vt 0.097768 0.227378
vt 0.567283 0.499687
vt 0.567283 0.363845
vt 0.453365 0.226753
vt 0.440709 0.226753
vt 0.440709 0.090910
vt 0.453365 0.090910
vt 0.995901 0.772622
vt 0.954125 0.772622
vt 0.954125 0.636780
vt 0.995901 0.636780
vt 0.085113 0.363220
vt 0.085113 0.227378
vt 0.554628 0.499687
vt 0.554628 0.363845
vt 0.592830 0.772622
vt 0.592830 0.636780
vt 0.787832 0.772622
vt 0.746057 0.772622
vt 0.746057 0.636780
vt 0.787832 0.636780
vt 0.428054 0.226753
vt 0.428054 0.090910
vt 0.554003 0.499687
vt 0.518697 0.499687
vt 0.518697 0.363845
vt 0.554003 0.363845
vt 0.072457 0.363220
vt 0.072457 0.227378
vt 0.706491 0.499687
vt 0.693835 0.499687
vt 0.693835 0.363845
vt 0.706491 0.363845
vt 0.399597 0.772622
vt 0.399597 0.636780
vt 0.454438 0.773247
vt 0.454438 0.909090
vt 0.415399 0.226753
vt 0.415399 0.090910
vt 0.342986 0.772622
vt 0.342986 0.636780
vt 0.288145 0.773247
vt 0.288145 0.909090
vt 0.681180 0.499687
vt 0.681180 0.363845
vt 0.446666 0.499687
vt 0.446666 0.363845
vt 0.402744 0.226753
vt 0.402744 0.090910
vt 0.515268 0.499687
vt 0.450095 0.499687
vt 0.450095 0.363845
vt 0.515268 0.363845
vt 0.537989 0.772622
vt 0.496213 0.772622
vt 0.496213 0.636780
vt 0.537989 0.636780
vt 0.933676 0.773247
vt 0.933676 0.909090
vt 0.668525 0.499687
vt 0.668525 0.363845
vt 0.410736 0.636155
vt 0.274952 0.636155
vt 0.274952 0.500312
vt 0.410736 0.500312
vt 0.704282 0.772622
vt 0.704282 0.636780
vt 0.808282 0.773247
vt 0.808282 0.909090
vt 0.390088 0.226753
vt 0.390088 0.090910
vt 0.558439 0.773247
vt 0.558439 0.909090
vt 0.655870 0.499687
vt 0.655870 0.363845
vt 0.093142 0.772622
vt 0.093142 0.636780
vt 0.529921 0.227378
vt 0.542576 0.227377
vt 0.542576 0.363220
vt 0.529921 0.363220
vt 0.683832 0.773247
vt 0.683832 0.909090
vt 0.643214 0.499687
vt 0.643214 0.363845
vt 0.149753 0.772622
vt 0.149753 0.636780
vt 0.555232 0.227377
vt 0.555232 0.363220
vt 0.274952 0.499687
vt 0.274952 0.363845
vt 0.146796 0.772622
vt 0.096100 0.772622
vt 0.096100 0.636780
vt 0.146796 0.636780
vt 0.630559 0.499687
vt 0.630559 0.363845
vt 0.396639 0.772622
vt 0.345943 0.772622
vt 0.345944 0.636780
vt 0.396639 0.636780
vt 0.567887 0.227377
vt 0.567887 0.363220
vt 0.617904 0.499687
vt 0.617904 0.363845
vt 0.058751 0.773247
vt 0.058751 0.909090
vt 0.580542 0.227377
vt 0.580542 0.363220
vt 0.184144 0.773247
vt 0.184144 0.909090
vt 0.199635 0.226753
vt 0.199635 0.090910
vt 0.433988 0.773247
vt 0.433988 0.909090
vt 0.649441 0.773247
vt 0.649441 0.909090
vt 0.593197 0.227377
vt 0.593197 0.363220
vt 0.933675 0.772622
vt 0.933676 0.636780
vt 0.186979 0.226753
vt 0.186979 0.090910
vt 0.808282 0.772622
vt 0.808282 0.636780
vt 0.308595 0.773247
vt 0.308595 0.909090
vt 0.605853 0.227377
vt 0.605853 0.363220
vt 0.558438 0.772622
vt 0.558438 0.636780
vt 0.174324 0.226753
vt 0.174324 0.090910
vt 0.031831 0.636155
vt -0.003474 0.636155
vt -0.003474 0.500312
vt 0.031831 0.500312
vt 0.553378 0.636155
vt 0.518072 0.636155
vt 0.518072 0.500312
vt 0.553378 0.500312
vt 0.453990 0.227378
vt 0.466645 0.227378
vt 0.466645 0.363220
vt 0.453990 0.363220
vt 0.683832 0.772622
vt 0.683832 0.636780
vt 0.899284 0.773247
vt 0.899284 0.909090
vt 0.139168 0.636155
vt 0.139168 0.500312
vt 0.161669 0.226753
vt 0.161669 0.090910
vt 0.479300 0.227378
vt 0.479300 0.363220
vt 0.047147 0.226753
vt 0.047147 0.090910
vt 0.103862 0.636155
vt 0.103862 0.500312
vt 0.446042 0.636155
vt 0.446042 0.500312
vt 0.842674 0.773247
vt 0.842674 0.909090
vt 0.149014 0.226753
vt 0.149014 0.090910
vt 0.100433 0.636155
vt 0.035260 0.636155
vt 0.035260 0.500312
vt 0.100433 0.500312
vt 0.514643 0.636155
vt 0.449470 0.636155
vt 0.449470 0.500312
vt 0.514643 0.500312
vt 0.845631 0.773247
vt 0.896327 0.773247
vt 0.896327 0.909090
vt 0.845631 0.909090
vt 0.491955 0.227378
vt 0.491955 0.363220
vt 0.034492 0.226753
vt 0.034492 0.090910
vt -0.003474 0.772622
vt -0.003474 0.636780
vt 0.646483 0.773247
vt 0.646483 0.909090
vt 0.300877 0.226753
vt 0.288222 0.226753
vt 0.288222 0.090910
vt 0.300877 0.090910
vt 0.246370 0.772622
vt 0.246370 0.636780
vt 0.504611 0.227378
vt 0.504611 0.363220
vt 0.021836 0.226753
vt 0.021836 0.090910
vt 0.275566 0.226753
vt 0.275566 0.090910
vt 0.517266 0.227378
vt 0.517266 0.363220
vt 0.009181 0.226753
vt 0.009181 0.090910
vt 0.262911 0.226753
vt 0.262911 0.090910
vt -0.003474 0.226753
vt -0.003474 0.090910
vt 0.059802 0.363220
vt 0.059802 0.227378
vt 0.250256 0.226753
vt 0.250256 0.090910
vt 0.148389 0.226753
vt 0.135734 0.226753
vt 0.135734 0.090910
vt 0.148389 0.090910
vt 0.047147 0.363220
vt 0.047147 0.227378
vt 0.237600 0.226753
vt 0.237600 0.090910
vt 0.123078 0.226753
vt 0.123078 0.090910
vt 0.034492 0.363220
vt 0.034492 0.227378
vt -0.003474 0.499687
vt -0.003474 0.363845
vt 0.440709 0.227378
vt 0.453365 0.227378
vt 0.453365 0.363220
vt 0.440709 0.363220
vt 0.758340 0.363220
vt 0.745685 0.363220
vt 0.745685 0.227378
vt 0.758340 0.227378
vt 0.555232 0.090910
vt 0.567887 0.090910
vt 0.567887 0.226753
vt 0.555232 0.226753
vt 0.250256 0.363220
vt 0.237601 0.363220
vt 0.237600 0.227378
vt 0.250256 0.227378
vt 0.733030 0.363220
vt 0.733030 0.227378
vt 0.580542 0.090910
vt 0.580542 0.226753
vt 0.224945 0.363220
vt 0.224945 0.227378
vt 0.720375 0.363220
vt 0.720375 0.227378
vt 0.593197 0.090910
vt 0.593197 0.226753
vt 0.212290 0.363220
vt 0.212290 0.227378
vt 0.707720 0.363220
vt 0.707719 0.227378
vt 0.605853 0.090910
vt 0.605853 0.226753
vt 0.199635 0.363220
vt 0.199635 0.227378
vt 0.705866 0.636155
vt 0.693210 0.636155
vt 0.693210 0.500312
vt 0.705866 0.500312
vt 0.695064 0.363220
vt 0.695064 0.227378
vt 0.186979 0.363220
vt 0.186979 0.227378
vt 0.680555 0.636155
vt 0.680555 0.500312
vt 0.682409 0.363220
vt 0.682409 0.227378
vt 0.174324 0.363220
vt 0.174324 0.227378
vt 0.667900 0.636155
vt 0.667900 0.500312
vt 0.669754 0.363220
vt 0.669754 0.227378
vt 0.161669 0.363220
vt 0.161669 0.227378
vt 0.655245 0.636155
vt 0.655245 0.500312
vt 0.657098 0.363220
vt 0.657098 0.227378
vt 0.149014 0.363220
vt 0.149014 0.227378
vt 0.642589 0.636155
vt 0.642589 0.500312
vt 0.644443 0.363220
vt 0.644443 0.227378
vt 0.629934 0.636155
vt 0.629934 0.500312
vt 0.631788 0.363220
vt 0.631788 0.227378
vt 0.617279 0.636155
vt 0.617279 0.500312
vt 0.619133 0.363220
vt 0.619133 0.227378
vt 0.604624 0.636155
vt 0.604624 0.500312
vt 0.606477 0.363220
vt 0.606477 0.227378
vt 0.758340 0.226753
vt 0.745685 0.226753
vt 0.745685 0.090910
vt 0.758340 0.090910
vt 0.591968 0.636155
vt 0.591968 0.500312
vt 0.733030 0.226753
vt 0.733030 0.090910
vt 0.579313 0.636155
vt 0.579313 0.500312
vt 0.720375 0.226753
vt 0.720375 0.090910
vt 0.566658 0.636155
vt 0.566658 0.500312
vt 0.707719 0.226753
vt 0.707719 0.090910
vt 0.554003 0.636155
vt 0.554003 0.500312
vt 0.301502 0.227378
vt 0.314157 0.227378
vt 0.314157 0.363220
vt 0.301502 0.363220
vt 0.695064 0.226753
vt 0.695064 0.090910
vt 0.326812 0.227378
vt 0.326812 0.363220
vt 0.682409 0.226753
vt 0.682409 0.090910
vt 0.339467 0.227378
vt 0.339467 0.363220
vt 0.669754 0.226753
vt 0.669754 0.090910
vt 0.352123 0.227378
vt 0.352123 0.363220
vt 0.657098 0.226753
vt 0.657098 0.090910
vt 0.453990 0.090910
vt 0.466645 0.090910
vt 0.466645 0.226753
vt 0.453990 0.226753
vt 0.364778 0.227378
vt 0.364778 0.363220
vt 0.644443 0.226753
vt 0.644443 0.090910
vt 0.479300 0.090910
vt 0.479300 0.226753
vt 0.377433 0.227378
vt 0.377433 0.363220
vt 0.631788 0.226753
vt 0.631788 0.090910
vt 0.491955 0.090910
vt 0.491955 0.226753
vt 0.390088 0.227378
vt 0.390088 0.363220
vt 0.619133 0.226753
vt 0.619133 0.090910
vt 0.504611 0.090910
vt 0.504611 0.226753
vt 0.402744 0.227378
vt 0.402744 0.363220
vt 0.606477 0.226753
vt 0.606477 0.090910
vt 0.517266 0.090910
vt 0.517266 0.226753
vt 0.300877 0.363220
vt 0.288221 0.363220
vt 0.288221 0.227378
vt 0.300877 0.227378
vt 0.415399 0.227378
vt 0.415399 0.363220
vt 0.529921 0.090910
vt 0.529921 0.226753
vt 0.275566 0.363220
vt 0.275566 0.227378
vt 0.428054 0.227378
vt 0.428054 0.363220
vt 0.542576 0.090910
vt 0.542576 0.226753
vt 0.262911 0.363220
vt 0.262911 0.227378
s 0
usemtl BuildingBase
f 1677/395/79 1676/396/79 1844/397/79 1845/398/79
s 1
f 1730/399/80 1719/400/79 1887/401/79 1898/402/80
f 1707/403/79 1708/404/81 1876/405/81 1875/406/79
s 0
f 1609/407/82 1607/408/82 1775/409/82 1777/410/82
s 1
f 1751/411/83 1752/412/84 1920/413/84 1919/414/83
f 1687/415/85 1688/416/86 1856/417/86 1855/418/85
s 0
f 1612/419/87 1632/420/87 1800/421/87 1780/422/87
f 1611/423/82 1610/424/82 1778/425/82 1779/426/82
f 1623/427/82 1629/428/82 1797/429/82 1791/430/82
f 1614/431/87 1617/432/87 1785/433/87 1782/434/87
s 1
f 1708/404/81 1709/435/88 1877/436/88 1876/405/81
f 1752/412/84 1753/437/89 1921/438/89 1920/413/84
f 1688/416/86 1689/439/87 1857/440/87 1856/417/86
f 1709/435/88 1710/441/82 1878/442/82 1877/436/88
s 0
f 1600/443/82 1606/444/82 1774/445/82 1768/446/82
s 1
f 1753/437/89 1754/447/80 1922/448/80 1921/438/89
f 1689/449/87 1690/450/90 1858/451/90 1857/452/87
s 0
f 1644/453/84 1636/454/84 1804/455/84 1812/456/84
f 1610/424/87 1591/457/87 1759/458/87 1778/425/87
f 1601/459/82 1604/460/82 1772/461/82 1769/462/82
f 1657/463/82 1590/464/82 1758/465/82 1825/466/82
s 1
f 1710/441/82 1711/467/85 1879/468/85 1878/442/82
s 0
f 1640/469/82 1643/470/82 1811/471/82 1808/472/82
f 1603/473/84 1602/474/84 1770/475/84 1771/476/84
s 1
f 1754/447/80 1743/477/79 1911/478/79 1922/448/80
f 1690/450/90 1691/479/83 1859/480/83 1858/451/90
s 0
f 1593/481/87 1613/482/87 1781/483/87 1761/484/87
s 1
f 1731/485/79 1732/486/81 1900/487/81 1899/488/79
s 0
f 1637/489/82 1645/490/82 1813/491/82 1805/492/82
f 1607/408/79 1611/423/79 1779/426/79 1775/409/79
f 1671/493/84 1677/395/84 1845/398/84 1839/494/84
f 1618/495/87 1614/431/87 1782/434/87 1786/496/87
s 1
f 1711/467/85 1712/497/86 1880/498/86 1879/468/85
s 0
f 1672/499/84 1675/500/84 1843/501/84 1840/502/84
s 1
f 1691/479/83 1692/503/84 1860/504/84 1859/480/83
f 1732/486/81 1733/505/88 1901/506/88 1900/487/81
s 0
f 1646/507/84 1642/508/84 1810/509/84 1814/510/84
f 1674/511/82 1673/512/82 1841/513/82 1842/514/82
f 1608/515/87 1587/516/87 1755/517/87 1776/518/87
s 1
f 1712/497/86 1713/519/87 1881/520/87 1880/498/86
s 0
f 1605/521/84 1599/522/84 1767/523/84 1773/524/84
f 1592/525/87 1589/526/87 1757/527/87 1760/528/87
s 1
f 1692/503/84 1693/529/89 1861/530/89 1860/504/84
f 1733/505/88 1734/531/82 1902/532/82 1901/506/88
f 1713/533/87 1714/534/90 1882/535/90 1881/536/87
s 0
f 1679/537/79 1660/538/79 1828/539/79 1847/540/79
s 1
f 1693/529/89 1694/541/80 1862/542/80 1861/530/89
f 1734/531/82 1735/543/85 1903/544/85 1902/532/82
s 0
f 1676/396/82 1670/545/82 1838/546/82 1844/397/82
f 1664/547/79 1662/548/79 1830/549/79 1832/550/79
s 1
f 1714/534/90 1715/551/83 1883/552/83 1882/535/90
s 0
f 1656/553/82 1639/554/82 1807/555/82 1824/556/82
s 1
f 1694/541/80 1683/557/79 1851/558/79 1862/542/80
f 1735/559/85 1736/560/86 1904/561/86 1903/562/85
s 0
f 1645/490/79 1647/563/79 1815/564/79 1813/491/79
f 1588/565/87 1593/481/87 1761/484/87 1756/566/87
s 1
f 1715/551/83 1716/567/84 1884/568/84 1883/552/83
s 0
f 1648/569/79 1646/507/79 1814/510/79 1816/570/79
f 1589/526/87 1594/571/87 1762/572/87 1757/527/87
s 1
f 1736/560/86 1737/573/87 1905/574/87 1904/561/86
s 0
f 1655/575/82 1657/463/82 1825/466/82 1823/576/82
s 1
f 1716/567/84 1717/577/89 1885/578/89 1884/568/84
s 0
f 1658/579/82 1659/580/82 1827/581/82 1826/582/82
f 1661/583/79 1641/584/79 1809/585/79 1829/586/79
f 1620/587/82 1612/419/82 1780/422/82 1788/588/82
s 1
f 1737/573/87 1738/589/90 1906/590/90 1905/574/87
s 0
f 1633/591/84 1615/592/84 1783/593/84 1801/594/84
f 1662/548/79 1665/595/79 1833/596/79 1830/549/79
f 1617/432/84 1619/597/84 1787/598/84 1785/433/84
s 1
f 1717/577/89 1718/599/80 1886/600/80 1885/578/89
s 0
f 1613/482/84 1621/601/84 1789/602/84 1781/483/84
s 1
f 1738/589/90 1739/603/83 1907/604/83 1906/590/90
s 0
f 1649/605/79 1644/453/79 1812/456/79 1817/606/79
s 1
f 1718/599/80 1707/403/79 1875/406/79 1886/600/80
f 1695/607/79 1696/608/81 1864/609/81 1863/610/79
s 0
f 1639/554/79 1658/579/79 1826/582/79 1807/555/79
f 1622/611/82 1618/495/82 1786/496/82 1790/612/82
s 1
f 1739/603/83 1740/613/84 1908/614/84 1907/604/83
s 0
f 1643/470/79 1650/615/79 1818/616/79 1811/471/79
s 1
f 1696/608/81 1697/617/88 1865/618/88 1864/609/81
s 0
f 1590/619/82 1609/407/82 1777/410/82 1758/620/82
f 1651/621/79 1652/622/79 1820/623/79 1819/624/79
f 1659/580/87 1655/575/87 1823/576/87 1827/581/87
s 1
f 1740/613/84 1741/625/89 1909/626/89 1908/614/84
s 0
f 1653/627/79 1654/628/79 1822/629/79 1821/630/79
s 1
f 1697/617/88 1698/631/82 1866/632/82 1865/618/88
f 1741/625/89 1742/633/80 1910/634/80 1909/626/89
s 0
f 1587/516/84 1596/635/84 1764/636/84 1755/517/84
s 1
f 1698/631/82 1699/637/85 1867/638/85 1866/632/82
s 0
f 1595/639/82 1592/525/82 1760/528/82 1763/640/82
f 1621/601/87 1623/427/87 1791/430/87 1789/602/87
s 1
f 1742/633/80 1731/485/79 1899/488/79 1910/634/80
f 1719/400/79 1720/641/81 1888/642/81 1887/401/79
s 0
f 1597/643/82 1588/565/82 1756/566/82 1765/644/82
f 1624/645/87 1622/611/87 1790/612/87 1792/646/87
s 1
f 1699/637/85 1700/647/86 1868/648/86 1867/638/85
s 0
f 1660/538/82 1667/649/82 1835/650/82 1828/539/82
s 1
f 1720/641/81 1721/651/88 1889/652/88 1888/642/81
s 0
f 1666/653/84 1664/547/84 1832/550/84 1834/654/84
f 1594/571/84 1598/655/84 1766/656/84 1762/572/84
s 1
f 1700/647/86 1701/657/87 1869/658/87 1868/648/86
s 0
f 1668/659/84 1661/583/84 1829/586/84 1836/660/84
f 1654/628/82 1648/569/82 1816/570/82 1822/629/82
s 1
f 1721/651/88 1722/661/82 1890/662/82 1889/652/88
s 0
f 1663/663/84 1679/664/84 1847/665/84 1831/666/84
f 1632/667/84 1616/668/84 1784/669/84 1800/670/84
s 1
f 1701/671/87 1702/672/90 1870/673/90 1869/674/87
s 0
f 1652/622/82 1649/605/82 1817/606/82 1820/623/82
f 1665/595/82 1669/675/82 1837/676/82 1833/596/82
f 1625/677/87 1620/587/87 1788/588/87 1793/678/87
f 1650/615/84 1651/621/84 1819/624/84 1818/616/84
f 1615/592/84 1680/679/84 1848/680/84 1783/593/84
s 1
f 1722/661/82 1723/681/85 1891/682/85 1890/662/82
f 1702/672/90 1703/683/83 1871/684/83 1870/673/90
f 1743/477/79 1744/685/81 1912/686/81 1911/478/79
s 0
f 1680/679/84 1678/687/84 1846/688/84 1848/680/84
f 1631/689/84 1633/591/84 1801/594/84 1799/690/84
f 1619/597/87 1626/691/87 1794/692/87 1787/598/87
s 1
f 1723/681/85 1724/693/86 1892/694/86 1891/682/85
s 0
f 1682/695/84 1681/696/84 1849/697/84 1850/698/84
f 1599/522/87 1597/643/87 1765/644/87 1767/523/87
f 1634/699/84 1635/700/84 1803/701/84 1802/702/84
f 1627/703/87 1628/704/87 1796/705/87 1795/706/87
s 1
f 1703/683/83 1704/707/84 1872/708/84 1871/684/83
f 1744/685/81 1745/709/88 1913/710/88 1912/686/81
s 0
f 1636/454/79 1656/711/79 1824/712/79 1804/455/79
f 1598/655/87 1600/443/87 1768/446/87 1766/656/87
f 1629/428/87 1630/713/87 1798/714/87 1797/429/87
f 1647/563/84 1653/627/84 1821/630/84 1815/564/84
s 1
f 1724/715/86 1725/716/87 1893/717/87 1892/718/86
s 0
f 1638/719/79 1640/469/79 1808/472/79 1806/720/79
s 1
f 1704/707/84 1705/721/89 1873/722/89 1872/708/84
f 1745/709/88 1746/723/82 1914/724/82 1913/710/88
s 0
f 1670/545/79 1668/659/79 1836/660/79 1838/546/79
s 1
f 1725/716/87 1726/725/90 1894/726/90 1893/717/87
s 0
f 1669/675/79 1671/493/79 1839/494/79 1837/676/79
f 1681/696/79 1663/663/79 1831/666/79 1849/697/79
f 1616/668/87 1634/699/87 1802/702/87 1784/669/87
s 1
f 1705/721/89 1706/727/80 1874/728/80 1873/722/89
f 1746/723/82 1747/729/85 1915/730/85 1914/724/82
f 1726/725/90 1727/731/83 1895/732/83 1894/726/90
s 0
f 1678/687/87 1682/695/87 1850/698/87 1846/688/87
f 1596/635/87 1601/459/87 1769/462/87 1764/636/87
f 1635/700/79 1631/689/79 1799/690/79 1803/701/79
s 1
f 1706/727/80 1695/607/79 1863/610/79 1874/728/80
f 1747/729/85 1748/733/86 1916/734/86 1915/730/85
f 1683/557/79 1684/735/81 1852/736/81 1851/558/79
s 0
f 1641/584/79 1637/489/79 1805/492/79 1809/585/79
s 1
f 1727/731/83 1728/737/84 1896/738/84 1895/732/83
s 0
f 1642/508/79 1638/719/79 1806/720/79 1810/509/79
f 1602/474/87 1595/639/87 1763/640/87 1770/475/87
s 1
f 1748/739/86 1749/740/87 1917/741/87 1916/742/86
f 1684/735/81 1685/743/88 1853/744/88 1852/736/81
s 0
f 1667/649/79 1672/499/79 1840/502/79 1835/650/79
f 1604/460/87 1603/473/87 1771/476/87 1772/461/87
f 1630/713/84 1624/645/84 1792/646/84 1798/714/84
s 1
f 1728/737/84 1729/745/89 1897/746/89 1896/738/84
s 0
f 1606/444/87 1605/521/87 1773/524/87 1774/445/87
f 1628/704/84 1625/677/84 1793/678/84 1796/705/84
s 1
f 1749/740/87 1750/747/90 1918/748/90 1917/741/87
f 1685/743/88 1686/749/82 1854/750/82 1853/744/88
s 0
f 1591/457/82 1608/751/82 1776/752/82 1759/458/82
f 1673/512/79 1666/653/79 1834/654/79 1841/513/79
f 1626/691/82 1627/703/82 1795/706/82 1794/692/82
s 1
f 1729/745/89 1730/399/80 1898/402/80 1897/746/89
s 0
f 1675/500/79 1674/511/79 1842/514/79 1843/501/79
s 1
f 1750/747/90 1751/411/83 1919/414/83 1918/748/90
f 1686/749/82 1687/415/85 1855/418/85 1854/750/82
f 1970/753/80 1959/754/79 2031/755/79 2042/756/80
f 1947/757/79 1948/758/81 2020/759/81 2019/760/79
f 1991/761/83 1992/762/84 2064/763/84 2063/764/83
f 1927/765/85 1928/766/86 2000/767/86 1999/768/85
f 1948/758/81 1949/769/88 2021/770/88 2020/759/81
f 1992/762/84 1993/771/89 2065/772/89 2064/763/84
f 1928/766/86 1929/773/87 2001/774/87 2000/767/86
f 1949/769/88 1950/775/82 2022/776/82 2021/770/88
f 1993/771/89 1994/777/80 2066/778/80 2065/772/89
f 1929/773/87 1930/779/90 2002/780/90 2001/774/87
f 1950/775/82 1951/781/85 2023/782/85 2022/776/82
f 1994/777/80 1983/783/79 2055/784/79 2066/778/80
f 1930/779/90 1931/785/83 2003/786/83 2002/780/90
f 1971/787/79 1972/788/81 2044/789/81 2043/790/79
f 1951/781/85 1952/791/86 2024/792/86 2023/782/85
f 1931/785/83 1932/793/84 2004/794/84 2003/786/83
f 1972/788/81 1973/795/88 2045/796/88 2044/789/81
f 1952/791/86 1953/797/87 2025/798/87 2024/792/86
f 1932/793/84 1933/799/89 2005/800/89 2004/794/84
f 1973/795/88 1974/801/82 2046/802/82 2045/796/88
f 1953/797/87 1954/803/90 2026/804/90 2025/798/87
f 1933/799/89 1934/805/80 2006/806/80 2005/800/89
f 1974/801/82 1975/807/85 2047/808/85 2046/802/82
f 1954/803/90 1955/809/83 2027/810/83 2026/804/90
f 1934/805/80 1923/811/79 1995/812/79 2006/806/80
f 1975/807/85 1976/813/86 2048/814/86 2047/808/85
f 1955/809/83 1956/815/84 2028/816/84 2027/810/83
f 1976/813/86 1977/817/87 2049/818/87 2048/814/86
f 1956/815/84 1957/819/89 2029/820/89 2028/816/84
f 1977/817/87 1978/821/90 2050/822/90 2049/818/87
f 1957/819/89 1958/823/80 2030/824/80 2029/820/89
f 1978/821/90 1979/825/83 2051/826/83 2050/822/90
f 1958/823/80 1947/827/79 2019/828/79 2030/824/80
f 1935/829/79 1936/830/81 2008/831/81 2007/832/79
f 1979/825/83 1980/833/84 2052/834/84 2051/826/83
f 1936/830/81 1937/835/88 2009/836/88 2008/831/81
f 1980/833/84 1981/837/89 2053/838/89 2052/834/84
f 1937/835/88 1938/839/82 2010/840/82 2009/836/88
f 1981/837/89 1982/841/80 2054/842/80 2053/838/89
f 1938/839/82 1939/843/85 2011/844/85 2010/840/82
f 1982/841/80 1971/845/79 2043/846/79 2054/842/80
f 1959/847/79 1960/848/81 2032/849/81 2031/850/79
f 1939/843/85 1940/851/86 2012/852/86 2011/844/85
f 1960/848/81 1961/853/88 2033/854/88 2032/849/81
f 1940/851/86 1941/855/87 2013/856/87 2012/852/86
f 1961/853/88 1962/857/82 2034/858/82 2033/854/88
f 1941/855/87 1942/859/90 2014/860/90 2013/856/87
f 1962/857/82 1963/861/85 2035/862/85 2034/858/82
f 1942/859/90 1943/863/83 2015/864/83 2014/860/90
f 1983/865/79 1984/866/81 2056/867/81 2055/868/79
f 1963/861/85 1964/869/86 2036/870/86 2035/862/85
f 1943/863/83 1944/871/84 2016/872/84 2015/864/83
f 1984/866/81 1985/873/88 2057/874/88 2056/867/81
f 1964/869/86 1965/875/87 2037/876/87 2036/870/86
f 1944/871/84 1945/877/89 2017/878/89 2016/872/84
f 1985/873/88 1986/879/82 2058/880/82 2057/874/88
f 1965/875/87 1966/881/90 2038/882/90 2037/876/87
f 1945/877/89 1946/883/80 2018/884/80 2017/878/89
f 1986/879/82 1987/885/85 2059/886/85 2058/880/82
f 1966/881/90 1967/887/83 2039/888/83 2038/882/90
f 1946/883/80 1935/889/79 2007/890/79 2018/884/80
f 1987/885/85 1988/891/86 2060/892/86 2059/886/85
f 1923/893/79 1924/894/81 1996/895/81 1995/896/79
f 1967/887/83 1968/897/84 2040/898/84 2039/888/83
f 1988/891/86 1989/899/87 2061/900/87 2060/892/86
f 1924/894/81 1925/901/88 1997/902/88 1996/895/81
f 1968/897/84 1969/903/89 2041/904/89 2040/898/84
f 1989/899/87 1990/905/90 2062/906/90 2061/900/87
f 1925/901/88 1926/907/82 1998/908/82 1997/902/88
f 1969/903/89 1970/753/80 2042/756/80 2041/904/89
f 1990/905/90 1991/761/83 2063/764/83 2062/906/90
f 1926/907/82 1927/765/85 1999/768/85 1998/908/82
